"0006ab69-aa25-4889-bfcf-d95f0ea97f6c",ce8082a7-1778-4a02-a034-c87786b494ae,d9a4dcac-a96e-4586-986f-41b34c567ac7,DIAJUKAN,Pengajuan Kur Diajukan,2023-11-15 11:06:45,2023-11-15 11:06:45,
"00a20eb2-83cf-48d2-96f3-88edd4144377",dddeab99-795b-4f18-8666-f7024fe02426,ec61080b-0a2b-4bc8-b37f-06cd8d9e7ba7,DITOLAK,Pengajuan Kur Ditolak Dengan Alasan tidak dapat dikonfirmasi oleh Taufan Agustama.,2023-08-23 17:57:35,2023-08-23 17:57:35,
"00aa9c1e-4cc5-48a8-8fb1-d33f0c14faee",aea6d771-41eb-4a6e-b642-79f4a214cc69,5ef19840-3eeb-4948-9d9b-657c6d1124d8,DISETUJUI,Pengajuan Kur Disetujui Dengan Plafond Yang Diterima Rp.150.000.000 oleh Prasetya Wardhani.,2022-01-28 15:17:50,2022-01-28 15:17:50,
"011999a6-c82a-4081-a15c-82aa811cb5b2",b441f94c-3360-4b59-a158-e8f24cff8776,aa758eed-fbac-4ffc-bd8a-28c09ec0ce2e,DIKONFIMASI,Pengajuan Kur telah Dikonfirmasi oleh Asri.,2023-09-21 15:23:49,2023-09-21 15:23:49,
"01220bb9-7d7c-43c3-b3b8-f1a711539beb",86559157-0ac0-4f21-a1db-43205b3661e2,"017bad39-c4b5-4499-8467-65b4ce6ae96c",DIALIHKAN,Pengajuan Kur Dialihkan Ke Sub Admin oleh Erna Widyastuti.,2022-02-02 11:56:02,2022-02-02 11:56:02,
"01a996e4-cc69-41c6-980a-0e41fc4dbd4e",85d031b4-902f-42f9-bb1a-22f7bee76252,1f0e1f83-768e-4f77-9786-63cc447c144b,DITOLAK,Pengajuan Kur Ditolak Dengan Alasan Batal mengajukan oleh Hesti Purnawati.,2022-11-23 09:22:35,2022-11-23 09:22:35,
"027ad3f9-cf71-4e6e-af6b-d0bfa686d68b",be9a4377-a984-4a04-8228-8445d75b7f58,"017bad39-c4b5-4499-8467-65b4ce6ae96c",DIKONFIMASI,Pengajuan Kur telah Dikonfirmasi oleh Erna Widyastuti.,2022-04-05 09:32:37,2022-04-05 09:32:37,
"03134a49-9c41-40c0-b48a-5a7b654a41bb",4a8278cf-909f-4b06-be77-63e86b0d1a89,1a2b77b5-2378-47a3-8b13-de0c911a66e1,DIKONFIMASI,Pengajuan Kur telah Dikonfirmasi oleh AdminBRI.,2022-05-09 19:33:58,2022-05-09 19:33:58,
"03ac71bb-cf4d-498f-aad9-1c68552c6f7d",b41c5291-5185-48de-b767-567be617eac9,97f492fd-9a62-47d3-a65d-69ba529dcf1c,DIALIHKAN,Pengajuan Kur Dialihkan Ke Sub Admin oleh Ika Purnamasari.,2022-01-27 18:24:38,2022-01-27 18:24:38,
"0454dbbd-cb0b-4df7-953c-8421ab54dccb",ae9a1936-c3a1-4bd6-a081-bfe6d2a218bd,22be042f-1f20-4c1d-9cfa-7797fb5639b1,DIAJUKAN,Pengajuan Kur Diajukan,2023-04-10 13:02:42,2023-04-10 13:02:42,
"049c66a9-6608-4c49-b5db-87bb07481902",fb80a7ce-aac8-4c3f-98c7-d4bbb5c9c4bd,7ca9254e-0116-4e64-a5d8-6445f793d2d1,DIKONFIMASI,Pengajuan Kur telah Dikonfirmasi oleh R.Haryo Tutuko.,2022-01-28 17:06:08,2022-01-28 17:06:08,
"0520c8c3-6516-42ec-9853-c01159ff108b",a382f7ae-9864-4b69-9123-dca6be051d73,d33b3ebf-d98b-425e-a701-600a01cbcb3c,DIKONFIMASI,Pengajuan Kur telah Dikonfirmasi oleh Andree Caesario Wijaya.,2023-08-30 17:57:18,2023-08-30 17:57:18,
"0544f76a-0164-4b7f-b57d-5858b14a2819",352eecfa-da5c-45fa-9349-8eb27c8d0bd0,"00ef4271-b055-4b80-9cd5-26a85c8961dc",DIAJUKAN,Pengajuan Kur Diajukan,2023-07-21 16:36:39,2023-07-21 16:36:39,
"056213ba-b7d4-4b14-81be-0eaa9ff529d1",79880f50-ad6b-4d00-8a50-66fd10f90ba5,1b3651f5-5616-4636-b9dc-ccd93750b6db,DIKONFIMASI,Pengajuan Kur telah Dikonfirmasi oleh Hakiki Radhietyawati.,2023-02-08 10:21:58,2023-02-08 10:21:58,
"0577e107-e791-46f7-88a0-b43523eca5d5",24a16799-ead2-425d-9186-828a376bb767,7ca9254e-0116-4e64-a5d8-6445f793d2d1,DIKONFIMASI,Pengajuan Kur telah Dikonfirmasi oleh R.Haryo Tutuko.,2022-01-27 09:52:16,2022-01-27 09:52:16,
"057aad91-b72d-4358-8b96-09ee9a273937",24a16799-ead2-425d-9186-828a376bb767,7ca9254e-0116-4e64-a5d8-6445f793d2d1,DIALIHKAN,Pengajuan Kur Dialihkan Ke Sub Admin oleh R.Haryo Tutuko.,2022-01-27 09:52:39,2022-01-27 09:52:39,
"05b7c0b6-1912-4fed-ace9-8553be16dea9",6e580102-cc6d-4d62-8cd8-e1d6c41a268a,31d43ff2-d295-4875-a3c9-080f9139da42,DIAJUKAN,Pengajuan Kur Diajukan,2022-01-14 08:24:55,2022-01-14 08:24:55,
"085b4b6d-3302-4b76-9e91-e43e4e884f9d",f7bea26d-509a-4443-8f64-d69598d75c50,11e27b8f-52f6-4391-a07c-50e0f24afe0e,DIAJUKAN,Pengajuan Kur Diajukan,2023-02-27 09:53:20,2023-02-27 09:53:20,
"088bc219-6df0-4c84-ad1e-742778406565",84a35a8e-a495-40d0-92b5-7ad639052588,780faf99-ab43-4afe-86f5-0d03925605a5,DIAJUKAN,Pengajuan Kur Diajukan,2024-01-09 17:16:34,2024-01-09 17:16:34,
"096ce08a-9a13-45e8-b688-3635f17771ac",764fc7f4-9498-4191-bcf9-5441b2d46fe2,d260d195-c977-450a-bcc2-6ec65d18ee64,DISETUJUI,Pengajuan Kur Disetujui Dengan Plafond Yang Diterima Rp.101.000.000 oleh Dhiah Oktarinda R.,2022-01-28 17:51:22,2022-01-28 17:51:22,
"0981c79f-d720-4c56-906f-e5b79f4d3d8e",8dd1528c-1d90-427c-b366-ae896a0f8efa,c430e605-fc96-4063-ab2d-5e8ac6a38850,DIAJUKAN,Pengajuan Kur Diajukan,2023-02-28 12:11:10,2023-02-28 12:11:10,
"09dea52a-3af1-4209-87fd-5da0e0ad83fa","0838dcde-6a29-4eda-b1d3-8586190ed62a",9f2df38d-1781-4c56-8572-72ba7f1dd36f,DIAJUKAN,Pengajuan Kur Diajukan,2022-06-11 14:59:45,2022-06-11 14:59:45,
"0a0ff967-52ca-4008-8aa8-40a762880f21",f74b74fa-1aa3-4678-a85b-d3281bf4f721,"017bad39-c4b5-4499-8467-65b4ce6ae96c",DIALIHKAN,Pengajuan Kur Dialihkan Ke Sub Admin oleh Erna Widyastuti.,2022-01-31 19:28:58,2022-01-31 19:28:58,
"0a52ac1d-18b6-4db6-931d-572edd6dbaa5",8bf060c5-665b-495a-857a-f6026f324728,aa758eed-fbac-4ffc-bd8a-28c09ec0ce2e,DIKONFIMASI,Pengajuan Kur telah Dikonfirmasi oleh Asri.,2023-09-21 16:28:11,2023-09-21 16:28:11,
"0afc7dd1-a372-4de2-8705-cf857f125e94",3c99da35-6b6b-4f27-8203-c757744db842,1b3651f5-5616-4636-b9dc-ccd93750b6db,DIKONFIMASI,Pengajuan Kur telah Dikonfirmasi oleh Hakiki Radhietyawati.,2023-02-08 11:12:15,2023-02-08 11:12:15,
"0b4cbc2f-a067-446e-8d77-18043ba265a8",c2b961e2-3a52-4d60-a098-3b8a9c32bcd9,66735ecc-7882-4ac9-b086-bed4869b4816,DISETUJUI,Pengajuan Kur Disetujui Dengan Plafond Yang Diterima Rp.50.000.000 oleh Dera Ananta - sub admin.,2022-01-13 15:33:42,2022-01-13 15:33:42,
"0c46d803-ec22-454f-86ca-f201dfbdc455",b0ec6c32-7844-40b6-a6ed-5c2f6da3cc63,fa0a8b7d-3cf4-4940-ba8d-23ef8f230963,DIAJUKAN,Pengajuan Kur Diajukan,2022-07-28 09:18:15,2022-07-28 09:18:15,
"0c66fe67-b775-4a0d-bbce-c9a2c6c18517",9021a39c-4c16-4ffa-bd3f-587bd652cb3a,21b1fd56-e7e1-44df-a627-ff990dede47c,DIAJUKAN,Pengajuan Kur Diajukan,2023-03-31 12:25:37,2023-03-31 12:25:37,
"0cb06977-4de9-46fc-8e89-3ed156cd09cc",64829bb4-f177-4c23-bbb2-8945dcb842ba,ce8b0014-021b-44a0-a35b-837d991f7eb3,DIAJUKAN,Pengajuan Kur Diajukan,2023-02-26 21:40:12,2023-02-26 21:40:12,
"0d05f664-bb14-4ff8-8d6b-698979bcbf38",f66ab59e-053c-457c-96cc-164aeb7aed6e,"017bad39-c4b5-4499-8467-65b4ce6ae96c",DIKONFIMASI,Pengajuan Kur telah Dikonfirmasi oleh Erna Widyastuti.,2023-05-15 13:21:35,2023-05-15 13:21:35,
"0d82ad6c-7c35-47bf-a56b-56e1202f765c",c169cc0c-28d7-4758-90eb-ded6537f79ea,2af7aa8d-8eed-49be-aee4-ce264b075a7b,DISETUJUI,Pengajuan Kur Disetujui Dengan Plafond Yang Diterima Rp.450.000.000 oleh Panji Ario Sancoko.,2022-09-16 12:09:03,2022-09-16 12:09:03,
"0d838f16-ea8f-47cb-803e-4d9f35402ee7",13e1cc81-f8c6-4f4b-86e0-8ab7e5036863,97f492fd-9a62-47d3-a65d-69ba529dcf1c,DIKONFIMASI,Pengajuan Kur telah Dikonfirmasi oleh Ika Purnamasari.,2022-01-27 17:13:36,2022-01-27 17:13:36,
"0dc9207f-8115-48b7-924e-71219281233f",615d3a0a-8ab9-4346-b88f-e21920ca2420,773f8215-28ca-4ff5-9a83-e48b4894ac44,DIAJUKAN,Pengajuan Kur Diajukan,2023-04-14 16:50:07,2023-04-14 16:50:07,
"0df88af5-78e4-4682-a38b-5cbdab5dd4fb",147a9919-d9f7-453d-b312-f3e0a13667e1,6dcebed5-ece8-4810-add0-5da70b1e0ecf,DIAJUKAN,Pengajuan Kur Diajukan,2022-07-16 05:03:07,2022-07-16 05:03:07,
"0e3672bd-b8b6-4ad1-be12-6451d6acca07",f74b74fa-1aa3-4678-a85b-d3281bf4f721,"017bad39-c4b5-4499-8467-65b4ce6ae96c",DIKONFIMASI,Pengajuan Kur telah Dikonfirmasi oleh Erna Widyastuti.,2022-01-31 19:28:19,2022-01-31 19:28:19,
"0e9cfd59-fb40-4997-b296-38fa96774589",706902a8-5d6e-4550-8808-f2a55822e163,c4d36c93-491b-468a-a87f-4cc6c17c73e9,DIAJUKAN,Pengajuan Kur Diajukan,2023-09-05 18:54:40,2023-09-05 18:54:40,
"0f9c33e9-4b91-4daa-8258-696ce013de90",c2b961e2-3a52-4d60-a098-3b8a9c32bcd9,32c5f443-4477-496b-90a5-781f62fb2474,DIAJUKAN,Pengajuan Kur Diajukan,2022-01-13 11:43:13,2022-01-13 11:43:13,
"0fd01ae8-b014-41e9-8ce2-d36c9677b006",c8a23a96-c6b5-4585-8a3e-ed9d76a891f3,2af7aa8d-8eed-49be-aee4-ce264b075a7b,DIKONFIMASI,Pengajuan Kur telah Dikonfirmasi oleh Panji Ario Sancoko.,2022-07-28 09:35:25,2022-07-28 09:35:25,
"0fd061b1-c9c0-4a0b-af34-5196a3ed52cb",a841e498-3fc8-493e-a5fc-439226e078a7,7ca9254e-0116-4e64-a5d8-6445f793d2d1,DIKONFIMASI,Pengajuan Kur telah Dikonfirmasi oleh R.Haryo Tutuko.,2022-01-26 16:32:56,2022-01-26 16:32:56,
"0fd254d5-6b38-4fa9-a647-fbe4130e593f",dbafc4a3-e770-4006-85e4-4280659f17f6,2b6797a7-4a47-4675-831e-4df4aaa1f557,DIKONFIMASI,Pengajuan Kur telah Dikonfirmasi oleh ugm.,2023-09-22 22:45:59,2023-09-22 22:45:59,
"0fd4d5ab-d243-436c-a06c-1f8d99be7d97",998f0e02-8c35-4668-bdb2-4384c151335a,c1609130-b438-4897-b7f4-1583985ce588,DIAJUKAN,Pengajuan Kur Diajukan,2022-01-28 13:53:51,2022-01-28 13:53:51,
10108750-bcf8-4705-9e31-4901908d7326,c2b961e2-3a52-4d60-a098-3b8a9c32bcd9,cb989a92-c0bf-40b0-9a6b-9ce72daf886f,DIALIHKAN,Pengajuan Kur Dialihkan Ke Sub Admin oleh Jaya Anggara - admin Utama.,2022-01-13 15:25:21,2022-01-13 15:25:21,
105379fd-d00a-49d6-a74b-f17352ed474f,b41c5291-5185-48de-b767-567be617eac9,4d5e27b5-ca4a-41b6-80f0-52f3a44f3296,DIAJUKAN,Pengajuan Kur Diajukan,2022-01-27 18:19:35,2022-01-27 18:19:35,
1065b0fe-6a31-40d9-83a1-5d66f859cdd4,f3483024-d6c9-4577-a81f-c6a1bbcf2dac,2af7aa8d-8eed-49be-aee4-ce264b075a7b,DISETUJUI,Pengajuan Kur Disetujui Dengan Plafond Yang Diterima Rp.350.000.000 oleh Panji Ario Sancoko.,2022-07-28 14:04:32,2022-07-28 14:04:32,
108f0e96-b921-4ed3-b054-eb48552a7c27,da4248e3-1582-4d1c-99b1-47523c6c93c2,2af7aa8d-8eed-49be-aee4-ce264b075a7b,DISETUJUI,Pengajuan Kur Disetujui Dengan Plafond Yang Diterima Rp.100.000.000 oleh Panji Ario Sancoko.,2022-10-14 12:00:39,2022-10-14 12:00:39,
10f2ee60-782f-4d40-ac68-8943a454bbf8,f66ab59e-053c-457c-96cc-164aeb7aed6e,"017bad39-c4b5-4499-8467-65b4ce6ae96c",DITOLAK,Pengajuan Kur Ditolak Dengan Alasan coba coba oleh Erna Widyastuti.,2023-05-15 13:23:05,2023-05-15 13:23:05,
118f80e2-2468-415f-8da0-9c7b82d78681,147a9919-d9f7-453d-b312-f3e0a13667e1,1b3651f5-5616-4636-b9dc-ccd93750b6db,DIKONFIMASI,Pengajuan Kur telah Dikonfirmasi oleh Hakiki Radhietyawati.,2022-09-06 12:14:11,2022-09-06 12:14:11,
1237cfbc-3dc9-4346-81dd-3ea58c8e07dd,c040bbe0-a8b1-441a-8e55-53377356afd3,3cee410f-782f-4891-8a68-e18a01202eb3,DIAJUKAN,Pengajuan Kur Diajukan,2023-03-22 13:14:48,2023-03-22 13:14:48,
124be22f-2a8b-4d24-8b5e-e7bcdfae0691,13e1cc81-f8c6-4f4b-86e0-8ab7e5036863,97f492fd-9a62-47d3-a65d-69ba529dcf1c,DIALIHKAN,Pengajuan Kur Dialihkan Ke Sub Admin oleh Ika Purnamasari.,2022-01-27 17:14:11,2022-01-27 17:14:11,
12ab723f-a1f8-43e2-9893-e0c1fbe6ba33,764fc7f4-9498-4191-bcf9-5441b2d46fe2,97f492fd-9a62-47d3-a65d-69ba529dcf1c,DIKONFIMASI,Pengajuan Kur telah Dikonfirmasi oleh Ika Purnamasari.,2022-01-28 17:38:46,2022-01-28 17:38:46,
12ebcb06-1f20-4bab-a8ed-1e0e57a28140,30095df5-f245-46ab-9eb6-159cccd441f2,3015561c-7bdc-42f3-9bfc-81fc28e048c5,DIAJUKAN,Pengajuan Kur Diajukan,2023-04-06 12:55:03,2023-04-06 12:55:03,
12fe7894-9326-41c4-9c36-ad8156643bd0,67b46d58-fc0b-43d8-befa-5cf8165a34d7,d36416f3-d043-4fa1-84bf-6c8566f77207,DIAJUKAN,Pengajuan Kur Diajukan,2022-04-13 11:23:44,2022-04-13 11:23:44,
13ab2d9c-137f-4c12-94b7-f1d444f17e3e,93a75eae-bf51-424c-ae5f-18437f36537c,a339788c-163c-4416-a002-61760b6f9eae,DISETUJUI,Pengajuan Kur Disetujui Dengan Plafond Yang Diterima Rp.20.000.000 oleh DAMAR SUNU.,2022-01-28 19:29:24,2022-01-28 19:29:24,
13c5c9d7-c4d4-48db-ad3b-7ca6655b0562,f4e463bf-638d-483d-ae6f-e989304fd67a,d33b3ebf-d98b-425e-a701-600a01cbcb3c,DIKONFIMASI,Pengajuan Kur telah Dikonfirmasi oleh Andree Caesario Wijaya.,2022-06-10 10:00:42,2022-06-10 10:00:42,
14095824-9cc3-4d49-8658-4830fa0e4b97,dddeab99-795b-4f18-8666-f7024fe02426,ec61080b-0a2b-4bc8-b37f-06cd8d9e7ba7,DIKONFIMASI,Pengajuan Kur telah Dikonfirmasi oleh Taufan Agustama.,2023-07-06 09:49:10,2023-07-06 09:49:10,
14148de8-edd0-47e6-9f5b-9ef57df6d2d5,a9e5ddf6-2a4a-42d6-8328-1a6d849267e2,7832cfd5-de01-4f8d-a4cf-62828f735996,DIAJUKAN,Pengajuan Kur Diajukan,2022-01-13 18:59:55,2022-01-13 18:59:55,
14c87999-d27f-4fe5-8516-5f754b93332e,b0c47872-ac10-41f4-b41a-13d0fa3c1b49,"017bad39-c4b5-4499-8467-65b4ce6ae96c",DIALIHKAN,Pengajuan Kur Dialihkan Ke Sub Admin oleh Erna Widyastuti.,2022-04-13 16:55:25,2022-04-13 16:55:25,
151e1408-73f0-4cd3-afdd-89e099a53837,66fa4364-643b-4bd9-83d2-4ad0a18576bb,97f492fd-9a62-47d3-a65d-69ba529dcf1c,DIALIHKAN,Pengajuan Kur Dialihkan Ke Sub Admin oleh Ika Purnamasari.,2022-01-27 18:56:48,2022-01-27 18:56:48,
15436e39-a02e-4a06-a905-33f6447abf2f,59dfdc07-a42b-4668-9207-e88384e61cef,"017bad39-c4b5-4499-8467-65b4ce6ae96c",DIKONFIMASI,Pengajuan Kur telah Dikonfirmasi oleh Erna Widyastuti.,2023-10-04 09:07:23,2023-10-04 09:07:23,
15576a6b-1d80-4c40-a10c-f98d8d34ba7b,32bd382f-16bf-4d28-85f4-bc1c7c6b8a38,3015561c-7bdc-42f3-9bfc-81fc28e048c5,DIAJUKAN,Pengajuan Kur Diajukan,2022-07-12 11:55:48,2022-07-12 11:55:48,
1627fbae-4f4e-4780-b9f9-8ffb3efcd40c,f4a28406-0409-4ebf-999d-6ec7a6951cbe,df2742ec-e773-40a1-a9aa-32318e14a12c,DIAJUKAN,Pengajuan Kur Diajukan,2023-09-13 14:56:37,2023-09-13 14:56:37,
162ee457-890d-4043-8931-ae31f67c29f5,66fa4364-643b-4bd9-83d2-4ad0a18576bb,ae1f4a3d-ae77-42bf-a79b-f3786142a2f2,DISETUJUI,Pengajuan Kur Disetujui Dengan Plafond Yang Diterima Rp.500.000.000 oleh Christina Rini A.,2022-01-28 10:05:21,2022-01-28 10:05:21,
16a9aea5-b02b-4475-aa13-ddd783604684,af0ea3ef-a9b9-4348-8a6a-7b2433314169,"017bad39-c4b5-4499-8467-65b4ce6ae96c",DIKONFIMASI,Pengajuan Kur telah Dikonfirmasi oleh Erna Widyastuti.,2022-07-19 14:36:53,2022-07-19 14:36:53,
16de4ef2-11cd-43ec-b748-7bf375e21f8f,7ed713ac-19f7-4666-b0de-086fc072bd59,946cae40-e48b-4524-8e93-1dad727b3ab5,DIAJUKAN,Pengajuan Kur Diajukan,2023-12-18 03:29:23,2023-12-18 03:29:23,
1750e0ac-2ab5-4df9-8c35-4b8d4211dd0a,6028a6f9-fcfe-48b1-ad29-77c14fdd70a0,37780a50-7250-4925-85b0-f11748ac514d,DIAJUKAN,Pengajuan Kur Diajukan,2023-08-05 14:55:36,2023-08-05 14:55:36,
17f68dcf-dac0-467a-bef3-5c9986132f29,f4e463bf-638d-483d-ae6f-e989304fd67a,d33b3ebf-d98b-425e-a701-600a01cbcb3c,DIKONFIMASI,Pengajuan Kur telah Dikonfirmasi oleh Andree Caesario Wijaya.,2022-06-10 10:00:43,2022-06-10 10:00:43,
191cfece-fde6-4c47-8781-1fbe551f7858,764fc7f4-9498-4191-bcf9-5441b2d46fe2,daffa036-dd12-4e69-ab4b-b408f18accd7,DIAJUKAN,Pengajuan Kur Diajukan,2022-01-28 17:37:45,2022-01-28 17:37:45,
1997032d-6e02-44d2-9361-4e875ddf48a0,f74b74fa-1aa3-4678-a85b-d3281bf4f721,2357b66e-4eea-4940-88ea-92070d1df041,DISETUJUI,Pengajuan Kur Disetujui Dengan Plafond Yang Diterima Rp.100.000.000 oleh Nazula Elva.,2022-01-31 19:38:31,2022-01-31 19:38:31,
19af790a-53d3-4be6-85b8-72d08808d056,dddeab99-795b-4f18-8666-f7024fe02426,ec61080b-0a2b-4bc8-b37f-06cd8d9e7ba7,DIKONFIMASI,Pengajuan Kur telah Dikonfirmasi oleh Taufan Agustama.,2023-07-06 09:49:20,2023-07-06 09:49:20,
19b01d17-6c6d-4b4f-b3ab-e0639f0fddeb,7f233b34-8fec-4dc9-87df-891bd3696257,cdcf1310-33c8-4be3-b71b-1ea23a6c46b3,DIAJUKAN,Pengajuan Kur Diajukan,2022-09-01 14:04:26,2022-09-01 14:04:26,
1ac9c72b-7f52-47d2-9a1a-7ce8545bff67,92dd0f4a-94b4-4714-9bbb-658d5d8eacaa,8deab7cf-d9b7-4cf6-aafb-57a45f429983,DIAJUKAN,Pengajuan Kur Diajukan,2023-09-02 23:53:45,2023-09-02 23:53:45,
1afa458b-e053-44b6-b07e-f352d3ee6a54,1a952e0d-59de-45b2-8d89-040a4929b928,7ca9254e-0116-4e64-a5d8-6445f793d2d1,DIKONFIMASI,Pengajuan Kur telah Dikonfirmasi oleh R.Haryo Tutuko.,2022-01-27 09:51:34,2022-01-27 09:51:34,
1b6fe73d-41b1-4dc2-bcea-909da5552474,142f7d8f-27aa-4fe7-ba87-a556406d07d7,ade0efb8-ded3-4b21-b516-4196a906311a,DIAJUKAN,Pengajuan Kur Diajukan,2023-10-10 12:50:31,2023-10-10 12:50:31,
1bd00b01-5c6d-4004-b0d0-9884d98443b6,f4e463bf-638d-483d-ae6f-e989304fd67a,d33b3ebf-d98b-425e-a701-600a01cbcb3c,DIKONFIMASI,Pengajuan Kur telah Dikonfirmasi oleh Andree Caesario Wijaya.,2022-06-10 10:00:43,2022-06-10 10:00:43,
1beccbf1-461d-477b-a6bf-686fb61e1ed1,c5f0cee0-7985-4c00-90dc-81e57ea89ac3,6c13ed0f-2b42-4ec0-97cd-c725af8bd798,DIAJUKAN,Pengajuan Kur Diajukan,2022-01-31 18:48:36,2022-01-31 18:48:36,
1beef61a-e6a0-4249-8ddb-790d93842e25,d00e531e-743e-4685-81d5-e32d463ea621,6d4c7163-57f9-4e4e-8cc6-ed668053b745,DIAJUKAN,Pengajuan Kur Diajukan,2023-07-22 16:59:54,2023-07-22 16:59:54,
1c49141d-a33f-448b-b489-57ca49c07865,16d94441-3463-4d05-b0d5-3f18e5997d5a,97f492fd-9a62-47d3-a65d-69ba529dcf1c,DIKONFIMASI,Pengajuan Kur telah Dikonfirmasi oleh Ika Purnamasari.,2022-01-27 18:58:07,2022-01-27 18:58:07,
1ca03402-c209-4451-9592-55487104aeef,dbafc4a3-e770-4006-85e4-4280659f17f6,2b6797a7-4a47-4675-831e-4df4aaa1f557,DIKONFIMASI,Pengajuan Kur telah Dikonfirmasi oleh ugm.,2023-09-22 22:46:04,2023-09-22 22:46:04,
1d0dac19-f54d-4d02-aced-b546fb0d6f01,da6e3a39-6887-4b3b-b904-66e4640aa1de,be606f85-88f9-45ed-9c79-5b6f71d528b1,DIAJUKAN,Pengajuan Kur Diajukan,2023-03-01 18:58:25,2023-03-01 18:58:25,
1d1b6c43-f45f-4d1d-a92b-612e6d513f9b,53b28dcd-414a-49aa-9a6d-94c2ca557400,23938e5c-f7f7-4160-bc1f-a281ea8482ff,DIAJUKAN,Pengajuan Kur Diajukan,2023-10-17 10:12:10,2023-10-17 10:12:10,
1d2d0982-3bbe-4ebd-9085-ae20e981b293,49f87f4e-bb25-4d86-be33-f5e64f28ecc5,d0c6c8ed-b212-4bd1-9faa-0ab9558096a1,DIAJUKAN,Pengajuan Kur Diajukan,2023-07-12 11:24:04,2023-07-12 11:24:04,
1d2d9614-99ef-4c1d-b00e-d435fe061fb8,6124c2d6-ed79-48e0-bd5b-c81910caeecc,72507fd4-e426-45df-a269-3793f34d6217,DIAJUKAN,Pengajuan Kur Diajukan,2022-12-19 23:14:57,2022-12-19 23:14:57,
1ea6ce5b-d2ef-48ed-8061-a68d5ac5f4d6,ac2a7ae5-3345-46e4-8bd6-10b45c7d84f2,a17a84f6-74b9-4db3-9359-d47b139ca486,DIAJUKAN,Pengajuan Kur Diajukan,2022-06-13 13:08:48,2022-06-13 13:08:48,
1faa6ef7-578f-42f7-9418-c536744d649a,16ba460b-eac6-409f-b6b9-50442c7652ce,17d8e830-b55c-48b0-8638-b161dc557373,DISETUJUI,Pengajuan Kur Disetujui Dengan Plafond Yang Diterima Rp.500.000.000 oleh Anas Minanto.,2022-07-01 11:33:42,2022-07-01 11:33:42,
1fe32a4d-9d6a-4cac-91a2-175be71b63e0,b1af7086-0f69-4c05-af56-46a716c182ed,126f98e8-4d71-44b9-b012-36f8c8ce2082,DIAJUKAN,Pengajuan Kur Diajukan,2022-01-13 11:55:30,2022-01-13 11:55:30,
1feb2fcd-0bbb-4f46-ac2c-4e8f9c6fda6a,d3c03d49-ef94-44f5-9d73-8d4a29f1b70a,"017bad39-c4b5-4499-8467-65b4ce6ae96c",DIKONFIMASI,Pengajuan Kur telah Dikonfirmasi oleh Erna Widyastuti.,2022-01-31 17:30:56,2022-01-31 17:30:56,
20286991-0951-4b8f-bb01-d75348bad659,df3ec108-b318-4a1e-a455-0281d6a3c68a,d963d953-67af-4976-9969-b9e30e782a21,DIKONFIMASI,Pengajuan Kur telah Dikonfirmasi oleh Kur BCA.,2023-04-06 12:50:07,2023-04-06 12:50:07,
203d5def-47c4-414c-94d8-45a61335a57e,fb80a7ce-aac8-4c3f-98c7-d4bbb5c9c4bd,6a38f1e9-c50a-4f7d-868a-128a0ad6578b,DISETUJUI,Pengajuan Kur Disetujui Dengan Plafond Yang Diterima Rp.50.000.000 oleh STHANU KUMARAWARMAN.,2022-01-28 21:04:08,2022-01-28 21:04:08,
211c8ecf-a891-405c-872a-a3d4b8fdd9b1,66fa4364-643b-4bd9-83d2-4ad0a18576bb,ae1f4a3d-ae77-42bf-a79b-f3786142a2f2,DISETUJUI,Pengajuan Kur Disetujui Dengan Plafond Yang Diterima Rp.500.000.000 oleh Christina Rini A.,2022-01-28 10:05:15,2022-01-28 10:05:15,
218eaa60-922f-4e02-9ccb-4a27093ccc65,e6674b6c-c95c-4f23-a803-5b0061a6ebff,1f0cf144-76cb-49c7-bfd0-9988a9635719,DIAJUKAN,Pengajuan Kur Diajukan,2023-09-02 19:27:44,2023-09-02 19:27:44,
21cfb62d-f0da-4c5d-8e8c-af67a39c65df,147a9919-d9f7-453d-b312-f3e0a13667e1,1b3651f5-5616-4636-b9dc-ccd93750b6db,DIKONFIMASI,Pengajuan Kur telah Dikonfirmasi oleh Hakiki Radhietyawati.,2022-09-06 12:14:13,2022-09-06 12:14:13,
22190152-ef37-4823-bde3-97a37ddbe812,3f08c775-4dc6-4489-92ff-3cdfc982f5aa,526dc787-761b-4788-9c95-5caf9033b15e,DIAJUKAN,Pengajuan Kur Diajukan,2023-05-30 23:13:34,2023-05-30 23:13:34,
225c3621-ee66-4885-af8c-cbc1da67c044,32bd382f-16bf-4d28-85f4-bc1c7c6b8a38,1a2b77b5-2378-47a3-8b13-de0c911a66e1,DIKONFIMASI,Pengajuan Kur telah Dikonfirmasi oleh AdminBRI.,2022-07-12 12:37:02,2022-07-12 12:37:02,
226e8f38-7292-4e60-90fd-8c72e80bc185,84659bb6-f25b-445f-a4d8-6ec6a9d930ce,72137475-4a88-4caf-9e22-1e80a9b230bc,DIAJUKAN,Pengajuan Kur Diajukan,2022-07-04 21:58:16,2022-07-04 21:58:16,
2285a5b7-7a89-40be-b974-9e822d298dee,26e2b8fd-384b-4b14-90a6-d5d8544add9e,71b463eb-c863-4033-8200-61cf860ddfe3,DIAJUKAN,Pengajuan Kur Diajukan,2022-12-04 07:27:57,2022-12-04 07:27:57,
22e86fc8-e4ba-4670-8365-c8592d64a891,c169cc0c-28d7-4758-90eb-ded6537f79ea,2af7aa8d-8eed-49be-aee4-ce264b075a7b,DIKONFIMASI,Pengajuan Kur telah Dikonfirmasi oleh Panji Ario Sancoko.,2022-09-16 12:08:33,2022-09-16 12:08:33,
235bd1c8-7a80-4f53-94a7-a0d223b3625b,147a9919-d9f7-453d-b312-f3e0a13667e1,1b3651f5-5616-4636-b9dc-ccd93750b6db,DIKONFIMASI,Pengajuan Kur telah Dikonfirmasi oleh Hakiki Radhietyawati.,2022-09-06 12:14:21,2022-09-06 12:14:21,
23c3bfa0-1cdb-4174-9fc1-b10dafbf4c41,f398f077-1ec6-45b3-a455-11bb0c3b998a,"017bad39-c4b5-4499-8467-65b4ce6ae96c",DIKONFIMASI,Pengajuan Kur telah Dikonfirmasi oleh Erna Widyastuti.,2023-05-15 13:20:56,2023-05-15 13:20:56,
23eab5f3-a3bc-4f60-862a-94aed8121d88,af0ea3ef-a9b9-4348-8a6a-7b2433314169,cf0f6aee-aa6a-4462-aa89-3020bd08d254,DIAJUKAN,Pengajuan Kur Diajukan,2022-07-19 12:20:13,2022-07-19 12:20:13,
2480f46a-85b9-4b55-857b-e2e342805a73,6e5c85e3-bd57-411d-ae22-ec0dc7ae1fc0,f616ae6c-57bc-4b1a-858b-80c3bb262f8b,DIAJUKAN,Pengajuan Kur Diajukan,2022-09-13 14:28:51,2022-09-13 14:28:51,
24eade69-61bc-4336-b323-40efbe42a552,dbafc4a3-e770-4006-85e4-4280659f17f6,2b6797a7-4a47-4675-831e-4df4aaa1f557,DIKONFIMASI,Pengajuan Kur telah Dikonfirmasi oleh ugm.,2023-09-22 22:45:56,2023-09-22 22:45:56,
2591bd14-27d8-464b-b282-b049a1e078a4,fa1caaeb-8a5d-41e7-9f95-e3d5f165396a,"017bad39-c4b5-4499-8467-65b4ce6ae96c",DITOLAK,Pengajuan Kur Ditolak Dengan Alasan coba coba oleh Erna Widyastuti.,2023-05-15 13:22:06,2023-05-15 13:22:06,
25b2f7f7-b743-4cb1-a741-4a0c82c27ac0,4f3c6666-e00f-4dac-949b-3433e1a253ba,81f0077f-0736-4577-897a-ec031bf6b67b,DIAJUKAN,Pengajuan Kur Diajukan,2023-08-09 15:07:51,2023-08-09 15:07:51,
25dd7fde-e218-4b2b-9ae3-9213abaebe9f,4d5df111-bb3b-42d3-8126-5c76a800d4b1,959abce2-596f-47c5-801a-1dc223074865,DIAJUKAN,Pengajuan Kur Diajukan,2022-01-26 16:16:38,2022-01-26 16:16:38,
2630eaf7-e1f1-4c53-b058-e1418cb3a3b1,4a8278cf-909f-4b06-be77-63e86b0d1a89,1a2b77b5-2378-47a3-8b13-de0c911a66e1,DIKONFIMASI,Pengajuan Kur telah Dikonfirmasi oleh AdminBRI.,2022-05-09 19:33:53,2022-05-09 19:33:53,
26c95d71-d19f-45f4-86a7-fa3b9bd77028,29ea2930-9d0e-42ea-b542-16734d88c19e,aa758eed-fbac-4ffc-bd8a-28c09ec0ce2e,DIKONFIMASI,Pengajuan Kur telah Dikonfirmasi oleh Asri.,2023-09-21 16:39:13,2023-09-21 16:39:13,
27142617-ea66-44f6-b0c5-7d01aa60e2a4,aea6d771-41eb-4a6e-b642-79f4a214cc69,97f492fd-9a62-47d3-a65d-69ba529dcf1c,DIALIHKAN,Pengajuan Kur Dialihkan Ke Sub Admin oleh Ika Purnamasari.,2022-01-28 15:09:15,2022-01-28 15:09:15,
274c1013-899e-41b6-9af6-e4c2efa3bffa,142f7d8f-27aa-4fe7-ba87-a556406d07d7,"017bad39-c4b5-4499-8467-65b4ce6ae96c",DIKONFIMASI,Pengajuan Kur telah Dikonfirmasi oleh Erna Widyastuti.,2023-11-28 10:08:21,2023-11-28 10:08:21,
275875e9-5ef4-4df9-a84a-f1a28ff82eef,6e580102-cc6d-4d62-8cd8-e1d6c41a268a,17d8e830-b55c-48b0-8638-b161dc557373,DISETUJUI,Pengajuan Kur Disetujui Dengan Plafond Yang Diterima Rp.175.000.000 oleh Anas Minanto.,2022-01-27 10:31:07,2022-01-27 10:31:07,
28b08fd6-b087-4147-ac9d-88ad46f0e68d,1f17d803-14b9-4d70-bfbb-ab52745bb1ec,2d9368d6-f9e2-4fa9-8ccf-a2077fb0fa43,DISETUJUI,Pengajuan Kur Disetujui Dengan Plafond Yang Diterima Rp.30.000.000 oleh ANY KUS INDARYATI.,2022-01-28 18:08:33,2022-01-28 18:08:33,
295d9322-6b71-4f13-a6ad-6283206ce8f0,a16f6119-a34f-4ecb-8ee9-7cedfcd4fbba,d431a206-6dcb-4f15-943f-63b03d3b4e4b,DIAJUKAN,Pengajuan Kur Diajukan,2023-10-20 11:54:02,2023-10-20 11:54:02,
2b54cc0f-d59e-43e0-9f28-6b3a1e8b4268,ea44fc7f-7d43-4222-948a-d84770eefcaf,ade0efb8-ded3-4b21-b516-4196a906311a,DIAJUKAN,Pengajuan Kur Diajukan,2023-10-10 12:52:08,2023-10-10 12:52:08,
2b88f9c2-1a66-49b2-aa47-0d236d76a613,baf6e83d-9c5b-414d-b748-a2da4350b676,"05c4f689-5044-4d06-83ed-84c8bc2b876d",DIAJUKAN,Pengajuan Kur Diajukan,2023-09-04 21:58:21,2023-09-04 21:58:21,
2b8f8cf1-68f9-4584-8f58-5fdda9cd83e4,b1af7086-0f69-4c05-af56-46a716c182ed,cb989a92-c0bf-40b0-9a6b-9ce72daf886f,DIKONFIMASI,Pengajuan Kur telah Dikonfirmasi oleh Jaya Anggara - admin Utama.,2022-01-13 15:21:44,2022-01-13 15:21:44,
2bc0bd3b-0339-47a0-8ed8-a6436c764f1a,13e1cc81-f8c6-4f4b-86e0-8ab7e5036863,97f492fd-9a62-47d3-a65d-69ba529dcf1c,DIKONFIMASI,Pengajuan Kur telah Dikonfirmasi oleh Ika Purnamasari.,2022-01-27 17:13:36,2022-01-27 17:13:36,
2c2c3b34-b7b7-46fb-bca8-24ae39588896,7f233b34-8fec-4dc9-87df-891bd3696257,"017bad39-c4b5-4499-8467-65b4ce6ae96c",DIKONFIMASI,Pengajuan Kur telah Dikonfirmasi oleh Erna Widyastuti.,2022-09-06 11:41:37,2022-09-06 11:41:37,
2c53984d-8188-47a3-aae9-d362c12d11ce,7d45c86f-8c3a-4f5e-8496-e3444ba4192a,2a17cbb1-58d3-43ad-a8c9-bbbe92a7ab57,DIKONFIMASI,Pengajuan Kur telah Dikonfirmasi oleh Fatah Fitriyana.,2022-05-30 10:41:51,2022-05-30 10:41:51,
2c98d97f-a3ab-4e6d-9069-6db6bf0dead5,bc58657c-486d-4b23-a3cd-2ae3058ab7f3,f387dca7-6c7b-419e-abba-c360f92c7ffb,DIAJUKAN,Pengajuan Kur Diajukan,2023-08-05 15:33:26,2023-08-05 15:33:26,
2d01ff95-b2f8-4899-835f-fd5a0cf7f4a1,6e580102-cc6d-4d62-8cd8-e1d6c41a268a,17d8e830-b55c-48b0-8638-b161dc557373,DIKONFIMASI,Pengajuan Kur telah Dikonfirmasi oleh Anas Minanto.,2022-01-27 10:28:51,2022-01-27 10:28:51,
2d37638c-6bf8-4644-b182-c2ece2c6af27,884bbf93-9b62-442b-a27f-74b7ffee3dba,76e90799-2f03-43a0-a157-51f211cfcd78,DIAJUKAN,Pengajuan Kur Diajukan,2023-05-11 00:44:20,2023-05-11 00:44:20,
2d96ba0d-a5d1-4602-b39d-61ea52d00abc,b41c5291-5185-48de-b767-567be617eac9,97f492fd-9a62-47d3-a65d-69ba529dcf1c,DIKONFIMASI,Pengajuan Kur telah Dikonfirmasi oleh Ika Purnamasari.,2022-01-27 18:24:16,2022-01-27 18:24:16,
2dad2c54-bf4f-47b2-9270-2aafc5227b29,fa1caaeb-8a5d-41e7-9f95-e3d5f165396a,"017bad39-c4b5-4499-8467-65b4ce6ae96c",DIKONFIMASI,Pengajuan Kur telah Dikonfirmasi oleh Erna Widyastuti.,2023-05-15 13:21:32,2023-05-15 13:21:32,
2db0427f-ec66-4f73-9d3a-834a5986f23c,58c35c26-6ec0-41a9-a41e-87cdea74adda,eb900484-40a8-46fc-b399-5b7eb7586a00,DIAJUKAN,Pengajuan Kur Diajukan,2023-09-29 22:30:57,2023-09-29 22:30:57,
2e94ca45-59b4-486c-911f-b40e691642bc,16d94441-3463-4d05-b0d5-3f18e5997d5a,5ef19840-3eeb-4948-9d9b-657c6d1124d8,DISETUJUI,Pengajuan Kur Disetujui Dengan Plafond Yang Diterima Rp.40.000.000 oleh Prasetya Wardhani.,2022-01-27 23:06:09,2022-01-27 23:06:09,
2f06ef7b-022b-40b2-aa57-ac983dd2e923,93a75eae-bf51-424c-ae5f-18437f36537c,7ca9254e-0116-4e64-a5d8-6445f793d2d1,DIKONFIMASI,Pengajuan Kur telah Dikonfirmasi oleh R.Haryo Tutuko.,2022-01-26 15:56:43,2022-01-26 15:56:43,
2f0abec6-4972-4a0e-959f-7c02d122d0a6,c8149dbe-b537-4785-9e86-0f14c382d2e7,b30fb494-c528-456f-acd7-3b43a0e4e88d,DIAJUKAN,Pengajuan Kur Diajukan,2022-07-22 19:41:04,2022-07-22 19:41:04,
2fab9674-35ee-4f8e-9124-b2fc979eb8b6,998f0e02-8c35-4668-bdb2-4384c151335a,"099203db-a0c1-4bba-a391-1da775e50e7a",DISETUJUI,Pengajuan Kur Disetujui Dengan Plafond Yang Diterima Rp.50.000.000 oleh Pandu kuncoro.,2022-01-28 15:45:23,2022-01-28 15:45:23,
2fe6fca6-ae92-4a6d-b361-b31df08c7fce,6420e6e4-1dc8-46e1-8337-54d515567d08,907ff462-1e15-4981-b339-84fcc8333b41,DIAJUKAN,Pengajuan Kur Diajukan,2023-08-23 15:58:25,2023-08-23 15:58:25,
303fd96f-db31-4192-ba39-a70e82a02557,d8ff80f7-9dba-4b6b-91ad-928dc91ac656,"0d016a9a-14c3-4ae9-801e-fea839e8839c",DIAJUKAN,Pengajuan Kur Diajukan,2022-03-23 14:56:53,2022-03-23 14:56:53,
31299ef0-4d40-48d0-8da3-6e6b6fdc1d21,"0f93e19a-71e8-40cb-aba5-1070c2e2a0c8",24ae5954-4764-4450-b6ef-5baca4ba5185,DIAJUKAN,Pengajuan Kur Diajukan,2022-08-23 22:14:48,2022-08-23 22:14:48,
318cce65-a10b-421a-b045-776aa101b652,66fa4364-643b-4bd9-83d2-4ad0a18576bb,ae1f4a3d-ae77-42bf-a79b-f3786142a2f2,DISETUJUI,Pengajuan Kur Disetujui Dengan Plafond Yang Diterima Rp.500.000.000 oleh Christina Rini A.,2022-01-28 10:05:17,2022-01-28 10:05:17,
31cceb77-30a4-4c0d-b29e-ba524bfc64b3,164cd6c7-7983-4280-ae51-f14a4f528ef9,cb989a92-c0bf-40b0-9a6b-9ce72daf886f,DIPENDING,Pengajuan Kur Dipending Dengan Alasan syarat mbelum terpenuhi oleh Jaya Anggara - admin Utama.,2022-01-13 15:22:28,2022-01-13 15:22:28,
323138fb-198e-45df-ac5d-ef7486384dd8,d1752810-bdd0-4d02-ac6f-3a409aa6d86f,37096e2c-f8ba-4378-bd53-1378472f591c,DIKONFIMASI,Pengajuan Kur telah Dikonfirmasi oleh Sudarsono.,2022-01-27 11:35:21,2022-01-27 11:35:21,
32ecb0ec-d731-4a85-8ffe-aa8c408ced31,56f7e643-24c3-432e-bcb9-9aaf38c3dfbb,7ca9254e-0116-4e64-a5d8-6445f793d2d1,DIALIHKAN,Pengajuan Kur Dialihkan Ke Sub Admin oleh R.Haryo Tutuko.,2022-01-26 16:41:50,2022-01-26 16:41:50,
33033646-50eb-47c7-9f64-93202ee571d4,32722593-130e-415e-9aca-aba80d3b7398,"017bad39-c4b5-4499-8467-65b4ce6ae96c",DIALIHKAN,Pengajuan Kur Dialihkan Ke Sub Admin oleh Erna Widyastuti.,2022-01-31 20:32:20,2022-01-31 20:32:20,
338ba1b3-0264-4884-909b-cfa81d33dd2b,ac2a7ae5-3345-46e4-8bd6-10b45c7d84f2,1b3651f5-5616-4636-b9dc-ccd93750b6db,DISETUJUI,Pengajuan Kur Disetujui Dengan Plafond Yang Diterima Rp.10.000.000 oleh Hakiki Radhietyawati.,2022-06-14 16:12:50,2022-06-14 16:12:50,
3393c495-ea3f-4de7-99c5-8b4b9ea32f99,32581116-6c48-4be4-9da2-acd79c7e4bee,"099203db-a0c1-4bba-a391-1da775e50e7a",DITOLAK,Pengajuan Kur Ditolak Dengan Alasan calon nasabah membatalkan oleh Pandu kuncoro.,2022-12-05 09:45:04,2022-12-05 09:45:04,
33f89c27-ebdd-4c44-98a8-a61e535182cb,8bf060c5-665b-495a-857a-f6026f324728,aa758eed-fbac-4ffc-bd8a-28c09ec0ce2e,DIKONFIMASI,Pengajuan Kur telah Dikonfirmasi oleh Asri.,2023-09-21 16:28:09,2023-09-21 16:28:09,
347f2d1e-4ed4-4844-b221-7e7ee069b116,83733b4c-80f3-4ab8-ae9f-5b5bd594d4a4,80219e37-95e5-4d4f-b1c6-f765aa7447c0,DIAJUKAN,Pengajuan Kur Diajukan,2022-08-26 11:07:25,2022-08-26 11:07:25,
34a22a2a-e9c6-46d9-bf33-0298ffc4d012,242e9dc2-ff45-42db-bd4c-6389957275bc,"017bad39-c4b5-4499-8467-65b4ce6ae96c",DIALIHKAN,Pengajuan Kur Dialihkan Ke Sub Admin oleh Erna Widyastuti.,2022-01-31 20:08:32,2022-01-31 20:08:32,
34f7bd46-a71c-4562-8917-61e26c2ff69f,6b2fa636-4802-4a96-bd8c-0d011d0fac30,cb989a92-c0bf-40b0-9a6b-9ce72daf886f,DIALIHKAN,Pengajuan Kur Dialihkan Ke Sub Admin oleh Jaya Anggara - admin Utama.,2022-01-24 17:30:11,2022-01-24 17:30:11,
359d354e-5578-424c-8ede-871933ee2c25,b0c47872-ac10-41f4-b41a-13d0fa3c1b49,"017bad39-c4b5-4499-8467-65b4ce6ae96c",DIKONFIMASI,Pengajuan Kur telah Dikonfirmasi oleh Erna Widyastuti.,2022-04-13 16:54:39,2022-04-13 16:54:39,
35c68cf9-880f-4a1f-831a-9cb7dc656747,b8a34346-d120-489b-8f7a-995193f6cfd5,83ee5877-6c0b-4dbe-88e4-0c954cd95a7f,DIAJUKAN,Pengajuan Kur Diajukan,2022-01-31 20:54:29,2022-01-31 20:54:29,
35d3e9fd-6756-4de0-8a2a-3039e1087bbc,1dc1226d-4e3e-49c1-9300-28d1c266ac9a,c116e1bb-11c3-4356-b3c0-920e75c26e6a,DIAJUKAN,Pengajuan Kur Diajukan,2022-01-27 23:51:36,2022-01-27 23:51:36,
3601e807-a428-4fdd-95a4-c2287a178258,764fc7f4-9498-4191-bcf9-5441b2d46fe2,d260d195-c977-450a-bcc2-6ec65d18ee64,DISETUJUI,Pengajuan Kur Disetujui Dengan Plafond Yang Diterima Rp.101.000.000 oleh Dhiah Oktarinda R.,2022-01-28 17:51:28,2022-01-28 17:51:28,
3672cade-a97f-42fb-bde4-68ee0d1ea5fb,2ae0e044-8781-4dc5-bb67-ceabb81c24e5,1b3651f5-5616-4636-b9dc-ccd93750b6db,DIPENDING,Pengajuan Kur Dipending Dengan Alasan sedang diverifikasi oleh unit kerja oleh Hakiki Radhietyawati.,2022-01-28 17:57:37,2022-01-28 17:57:37,
36f37637-e63e-4aa2-bee3-d95ee8e61398,6759363e-b63c-4a62-ba2b-f58eed8e9881,"017bad39-c4b5-4499-8467-65b4ce6ae96c",DIKONFIMASI,Pengajuan Kur telah Dikonfirmasi oleh Erna Widyastuti.,2023-05-15 13:08:31,2023-05-15 13:08:31,
3757a647-8f26-4ea0-a7ad-901f255cd0a5,fb80a7ce-aac8-4c3f-98c7-d4bbb5c9c4bd,87fba4e5-d6c0-4e36-a0a1-ec49b985aff4,DIAJUKAN,Pengajuan Kur Diajukan,2022-01-28 16:56:08,2022-01-28 16:56:08,
37ed48dc-d798-4c69-9f02-f18bc9a534a6,"067f60e7-bbb7-4eeb-886a-6d1586ce5202",71de1e37-6312-491e-ad8e-2460d115b2dc,DIAJUKAN,Pengajuan Kur Diajukan,2023-10-30 17:26:03,2023-10-30 17:26:03,
385b212b-a528-4124-91aa-c7554681297b,7d41bd9b-e86e-4f6f-a34f-a20d6df8f2b2,ec61080b-0a2b-4bc8-b37f-06cd8d9e7ba7,DIKONFIMASI,Pengajuan Kur telah Dikonfirmasi oleh Taufan Agustama.,2023-08-23 17:58:31,2023-08-23 17:58:31,
38ec5c00-fb69-40ae-8da6-b387cf3c489e,1a952e0d-59de-45b2-8d89-040a4929b928,3e7862a2-e278-4580-bd68-d1541a3f56ac,DIAJUKAN,Pengajuan Kur Diajukan,2022-01-26 19:18:49,2022-01-26 19:18:49,
3929fa66-4b69-42ed-bf27-a1421dcb9191,6d1db40b-8ae9-4511-86d5-78a96891d027,"017bad39-c4b5-4499-8467-65b4ce6ae96c",DIKONFIMASI,Pengajuan Kur telah Dikonfirmasi oleh Erna Widyastuti.,2022-01-31 21:08:38,2022-01-31 21:08:38,
3a308cfe-0d09-4713-8341-b9097b1f83ff,f3483024-d6c9-4577-a81f-c6a1bbcf2dac,3c8425b5-1c34-4133-a37c-71baf0076665,DIAJUKAN,Pengajuan Kur Diajukan,2022-07-28 13:55:33,2022-07-28 13:55:33,
3ab3d020-2ff9-4fb4-8009-b963db1f59b6,16d94441-3463-4d05-b0d5-3f18e5997d5a,97f492fd-9a62-47d3-a65d-69ba529dcf1c,DIKONFIMASI,Pengajuan Kur telah Dikonfirmasi oleh Ika Purnamasari.,2022-01-27 18:58:02,2022-01-27 18:58:02,
3b14a8ea-693d-4ccb-a4b1-4e3d05a48c53,c8149dbe-b537-4785-9e86-0f14c382d2e7,d33b3ebf-d98b-425e-a701-600a01cbcb3c,DITOLAK,Pengajuan Kur Ditolak Dengan Alasan Sudah mengajukan di tempat lain oleh Andree Caesario Wijaya.,2022-10-26 10:59:44,2022-10-26 10:59:44,
3b559441-ce5d-4953-aa3d-4dc473a225e7,571d62cc-ffaa-45f6-b494-cd9450b27fdd,1b3651f5-5616-4636-b9dc-ccd93750b6db,DIKONFIMASI,Pengajuan Kur telah Dikonfirmasi oleh Hakiki Radhietyawati.,2022-06-13 20:00:07,2022-06-13 20:00:07,
3c732862-8314-4fb1-904b-7804fdfa4087,"0f79538d-fe31-43ee-bddb-68f5f30c75a1",b30fb494-c528-456f-acd7-3b43a0e4e88d,DIAJUKAN,Pengajuan Kur Diajukan,2022-08-22 09:58:03,2022-08-22 09:58:03,
3c941e85-9092-473b-bb96-51a8e60ca5b1,83c519e1-507d-4f0b-be05-4467bb895d69,e7553d74-3222-46f1-8c80-907ae6a63725,DIAJUKAN,Pengajuan Kur Diajukan,2023-12-25 17:06:51,2023-12-25 17:06:51,
3caff8af-ccf4-4eda-9f97-cd1f277ac8df,30ba77c7-f74f-4144-be29-94ac1baf25cb,58354262-a9bb-42b1-a7c2-4fa7cd98a42f,DITOLAK,Pengajuan Kur Ditolak Dengan Alasan Usaha sudah dibiayai bank lain an Pasangan oleh Raja David P.,2023-09-12 09:39:23,2023-09-12 09:39:23,
3cd1e4e7-9cc8-44ff-9b93-515c3ea8c8f5,fb80a7ce-aac8-4c3f-98c7-d4bbb5c9c4bd,7ca9254e-0116-4e64-a5d8-6445f793d2d1,DIALIHKAN,Pengajuan Kur Dialihkan Ke Sub Admin oleh R.Haryo Tutuko.,2022-01-28 17:06:28,2022-01-28 17:06:28,
3cd70909-167b-424f-a014-89da1708c93f,"089e1310-9491-4fa1-a9f8-3f1430d64fa1",d33b3ebf-d98b-425e-a701-600a01cbcb3c,DITOLAK,Pengajuan Kur Ditolak Dengan Alasan Tes oleh Andree Caesario Wijaya.,2023-04-04 14:12:30,2023-04-04 14:12:30,
3d9c2f88-6b74-4b3f-b70b-ce412404d903,e5e4d93c-1972-475b-8a69-780554706491,97f492fd-9a62-47d3-a65d-69ba529dcf1c,DIKONFIMASI,Pengajuan Kur telah Dikonfirmasi oleh Ika Purnamasari.,2022-01-27 21:00:22,2022-01-27 21:00:22,
3e47b884-2f2b-44af-b00c-7f28e6dc4fc9,c8a23a96-c6b5-4585-8a3e-ed9d76a891f3,fa0a8b7d-3cf4-4940-ba8d-23ef8f230963,DIAJUKAN,Pengajuan Kur Diajukan,2022-07-28 09:16:31,2022-07-28 09:16:31,
3e609560-4bf8-4bc9-9a27-0fa0744ed356,"04c1b820-0926-4075-88dd-d7b005034626",12c0f55f-5dbe-4c5a-b591-cb40c689d858,DIAJUKAN,Pengajuan Kur Diajukan,2023-11-09 21:22:18,2023-11-09 21:22:18,
3e896cf9-c63b-4f55-bbaf-2af3803026a2,5c983b47-791d-45ca-a0fb-b30e3daefc51,737d981c-27a8-424c-89a9-fc530e9d4a7f,DIKONFIMASI,Pengajuan Kur telah Dikonfirmasi oleh Ricky Riyanto.,2022-01-27 12:09:02,2022-01-27 12:09:02,
3ec0d6a4-79e5-4321-9366-6b516c050b06,b9c52deb-37b9-4a9b-b402-7d0826adda96,"017bad39-c4b5-4499-8467-65b4ce6ae96c",DITOLAK,Pengajuan Kur Ditolak Dengan Alasan lokasi di jakarta oleh Erna Widyastuti.,2023-10-04 09:40:19,2023-10-04 09:40:19,
3ed88df3-ab2f-42c2-bd83-e660c76fe3ca,85d031b4-902f-42f9-bb1a-22f7bee76252,1f0e1f83-768e-4f77-9786-63cc447c144b,DIKONFIMASI,Pengajuan Kur telah Dikonfirmasi oleh Hesti Purnawati.,2022-11-22 17:30:25,2022-11-22 17:30:25,
3eebd2b9-27a9-46b6-801a-9d28cdb147b7,9868aaa0-27a2-45ff-b614-4907270192da,2af7aa8d-8eed-49be-aee4-ce264b075a7b,DIKONFIMASI,Pengajuan Kur telah Dikonfirmasi oleh Panji Ario Sancoko.,2022-08-01 09:25:54,2022-08-01 09:25:54,
3f02b024-ea14-43e2-9e03-533166c4c3a1,6f12e2e5-bcd9-4cfa-9f6f-b4bbd68f459d,581844cd-ae7d-43a5-8a1b-347dc1caf541,DIAJUKAN,Pengajuan Kur Diajukan,2023-03-04 10:27:06,2023-03-04 10:27:06,
3f4b8da0-8087-4d6a-987d-1f8e0092ec8e,a40d78ea-bee5-4068-a8b2-ca30d49ac945,97f492fd-9a62-47d3-a65d-69ba529dcf1c,DIKONFIMASI,Pengajuan Kur telah Dikonfirmasi oleh Ika Purnamasari.,2022-01-27 21:01:01,2022-01-27 21:01:01,
3f6644b5-4cf4-4e13-a6ef-5c14afed484b,d266d50a-d333-460d-8c01-fb2b45b0f41e,597bfb2f-8a2f-41e3-9598-e31c84d1a06f,DIAJUKAN,Pengajuan Kur Diajukan,2022-12-26 11:34:47,2022-12-26 11:34:47,
3fc6c509-e233-49a2-82f0-afe3bdbb5a0b,74af134d-cfb9-45b5-900a-c5d4ac065614,2af7aa8d-8eed-49be-aee4-ce264b075a7b,DIKONFIMASI,Pengajuan Kur telah Dikonfirmasi oleh Panji Ario Sancoko.,2022-09-16 11:11:28,2022-09-16 11:11:28,
40f6135d-720b-409d-8efe-c20f0a28a8d8,3c99da35-6b6b-4f27-8203-c757744db842,71b463eb-c863-4033-8200-61cf860ddfe3,DIAJUKAN,Pengajuan Kur Diajukan,2022-12-04 07:33:24,2022-12-04 07:33:24,
41ea74f3-0108-4eb4-8668-582279ebee5b,8bf060c5-665b-495a-857a-f6026f324728,aa758eed-fbac-4ffc-bd8a-28c09ec0ce2e,DIKONFIMASI,Pengajuan Kur telah Dikonfirmasi oleh Asri.,2023-09-21 16:28:13,2023-09-21 16:28:13,
425f076e-2c90-497d-8af7-0f398946e96c,fb80a7ce-aac8-4c3f-98c7-d4bbb5c9c4bd,7ca9254e-0116-4e64-a5d8-6445f793d2d1,DIKONFIMASI,Pengajuan Kur telah Dikonfirmasi oleh R.Haryo Tutuko.,2022-01-28 17:06:03,2022-01-28 17:06:03,
427d2dea-9681-4133-9695-eef91b02d2f4,fadc7f66-210f-4627-af03-612cb0378a5c,"017bad39-c4b5-4499-8467-65b4ce6ae96c",DIALIHKAN,Pengajuan Kur Dialihkan Ke Sub Admin oleh Erna Widyastuti.,2022-01-31 16:41:02,2022-01-31 16:41:02,
42c97eb3-74d6-4a84-a6a9-ab464efca5d0,"00bfd806-118c-492b-972a-b8eb89a4761c","017bad39-c4b5-4499-8467-65b4ce6ae96c",DIKONFIMASI,Pengajuan Kur telah Dikonfirmasi oleh Erna Widyastuti.,2023-05-15 13:08:34,2023-05-15 13:08:34,
42f9e798-8297-408c-9364-aad127a5d5ea,2bca1583-6172-4112-830c-2ccb0d79aea2,"017bad39-c4b5-4499-8467-65b4ce6ae96c",DIKONFIMASI,Pengajuan Kur telah Dikonfirmasi oleh Erna Widyastuti.,2023-11-28 10:09:13,2023-11-28 10:09:13,
4308047b-34fc-40da-b747-acea271ee221,b7daf0ab-9677-4a80-971e-f6ac47f4cd7d,1f0e1f83-768e-4f77-9786-63cc447c144b,DITOLAK,Pengajuan Kur Ditolak Dengan Alasan secara bank tekhnis belum dapat mendapatkan fasilitas kredit oleh Hesti Purnawati.,2022-11-23 09:23:13,2022-11-23 09:23:13,
430b4c63-efb4-470a-8804-1a4f648913af,df3ec108-b318-4a1e-a455-0281d6a3c68a,d963d953-67af-4976-9969-b9e30e782a21,DIKONFIMASI,Pengajuan Kur telah Dikonfirmasi oleh Kur BCA.,2023-04-06 12:49:54,2023-04-06 12:49:54,
4333e23b-f570-456d-b3fe-487e0c7dc5da,63dd76fc-5a86-43d9-9635-0dacf14a7535,ec61080b-0a2b-4bc8-b37f-06cd8d9e7ba7,DITOLAK,Pengajuan Kur Ditolak Dengan Alasan Untuk saat ini hanya dapat memproses pengajuan KUR Kecil (Rp. 100.000.000 - Rp. 500.000.000) oleh Taufan Agustama.,2023-05-31 10:41:56,2023-05-31 10:41:56,
43955fcd-2138-4a16-9d55-e62e21473f9b,b5553984-3ae9-4067-b40f-12a706726dac,"017bad39-c4b5-4499-8467-65b4ce6ae96c",DIKONFIMASI,Pengajuan Kur telah Dikonfirmasi oleh Erna Widyastuti.,2023-05-15 13:21:37,2023-05-15 13:21:37,
43980bf8-1e47-4cc9-984f-99521cae5e59,74b501db-4a11-42d2-a74a-1d32076ddc01,ec61080b-0a2b-4bc8-b37f-06cd8d9e7ba7,DIKONFIMASI,Pengajuan Kur telah Dikonfirmasi oleh Taufan Agustama.,2023-08-23 17:58:06,2023-08-23 17:58:06,
43ba193b-480f-43b0-ad54-ad992a173cde,5cd740a0-c52b-4657-8748-8bce1d91cdf1,d33b3ebf-d98b-425e-a701-600a01cbcb3c,DITOLAK,Pengajuan Kur Ditolak Dengan Alasan Tidak memiliki agunan oleh Andree Caesario Wijaya.,2022-12-09 10:38:57,2022-12-09 10:38:57,
43c2f494-4a45-4ba2-a2e5-42af0be4f69b,764fc7f4-9498-4191-bcf9-5441b2d46fe2,d260d195-c977-450a-bcc2-6ec65d18ee64,DISETUJUI,Pengajuan Kur Disetujui Dengan Plafond Yang Diterima Rp.101.000.000 oleh Dhiah Oktarinda R.,2022-01-28 17:51:17,2022-01-28 17:51:17,
44073173-e018-4c48-b739-e1c68621c62c,67b46d58-fc0b-43d8-befa-5cf8165a34d7,d1a245af-9f99-46b6-99e8-aaabb5b06250,DIKONFIMASI,Pengajuan Kur telah Dikonfirmasi oleh Admin BCA.,2022-05-11 15:03:50,2022-05-11 15:03:50,
44a5fa7a-fd41-442c-a4ab-a33f7a20a86a,83c519e1-507d-4f0b-be05-4467bb895d69,1a2b77b5-2378-47a3-8b13-de0c911a66e1,DIKONFIMASI,Pengajuan Kur telah Dikonfirmasi oleh AdminBRI.,2023-12-25 17:10:24,2023-12-25 17:10:24,
44f612fc-7275-4da9-a4f7-a29007cde4ee,cc57b59a-3d18-4125-9456-b5f17fa00338,7ca9254e-0116-4e64-a5d8-6445f793d2d1,DIKONFIMASI,Pengajuan Kur telah Dikonfirmasi oleh R.Haryo Tutuko.,2022-01-27 09:50:42,2022-01-27 09:50:42,
452581e6-473e-4258-ab26-21abdc9b6056,63dd76fc-5a86-43d9-9635-0dacf14a7535,efaacc38-d381-4c44-b0dc-c6fb52cddd8b,DIAJUKAN,Pengajuan Kur Diajukan,2022-12-26 10:44:29,2022-12-26 10:44:29,
4690e896-4b9c-4cb5-aa42-2dfbabfb0496,59dfdc07-a42b-4668-9207-e88384e61cef,"017bad39-c4b5-4499-8467-65b4ce6ae96c",DITOLAK,Pengajuan Kur Ditolak Dengan Alasan spam oleh Erna Widyastuti.,2023-10-04 09:07:48,2023-10-04 09:07:48,
4703ab6c-1ade-4fd6-915c-077859aa1dfb,26e2b8fd-384b-4b14-90a6-d5d8544add9e,"017bad39-c4b5-4499-8467-65b4ce6ae96c",DIKONFIMASI,Pengajuan Kur telah Dikonfirmasi oleh Erna Widyastuti.,2023-05-15 13:14:26,2023-05-15 13:14:26,
47252529-02dd-45f5-bd2b-27128ddf05a8,"0a03ff61-6a3a-4ff3-9a03-24d1ac9a8417","0c210c47-05f0-4cb0-8448-4ba9f750c030",DIAJUKAN,Pengajuan Kur Diajukan,2022-08-26 15:43:08,2022-08-26 15:43:08,
48362dce-3a81-47fa-bb6a-63cee3d0bd50,3c99da35-6b6b-4f27-8203-c757744db842,1b3651f5-5616-4636-b9dc-ccd93750b6db,DIPENDING,"Pengajuan Kur Dipending Dengan Alasan tidak bisa ditelfon pada thn 2022, awal tahun 2023 ini belum ada kuota kur dari pemerintah oleh Hakiki Radhietyawati.",2023-02-08 11:13:29,2023-02-08 11:13:29,
49768901-04ef-4baa-996d-cabc5a3971a6,225ab503-adce-40f2-b3a0-8950b036f403,eec195ee-5d95-448a-8024-7cb0112eafef,DIAJUKAN,Pengajuan Kur Diajukan,2023-12-30 21:15:34,2023-12-30 21:15:34,
49a3ee4a-bf08-4c3c-9303-a8ae186e4e2e,bbdd4889-2a93-4cb5-a195-21e8b5c7ef17,2af7aa8d-8eed-49be-aee4-ce264b075a7b,DIKONFIMASI,Pengajuan Kur telah Dikonfirmasi oleh Panji Ario Sancoko.,2022-08-26 16:18:14,2022-08-26 16:18:14,
49e1220f-0cfe-40ef-8625-8a4b39f29ed3,8a5a19ad-99a5-48f6-8a0f-fdb40651af27,814ff2c3-1485-43a9-ac40-a03d1df797a7,DIAJUKAN,Pengajuan Kur Diajukan,2023-07-11 00:49:13,2023-07-11 00:49:13,
4a84cbe1-392a-41ac-8604-58319775c239,e98b858c-36e6-44aa-8ccb-1af2d60816e1,7ca9254e-0116-4e64-a5d8-6445f793d2d1,DIKONFIMASI,Pengajuan Kur telah Dikonfirmasi oleh R.Haryo Tutuko.,2022-01-28 17:05:00,2022-01-28 17:05:00,
4ab8d462-4e52-4618-a8b3-fda64c2a8e8b,f7ec2bac-9cb8-4fe4-aaa7-accb634b9dde,aa758eed-fbac-4ffc-bd8a-28c09ec0ce2e,DIKONFIMASI,Pengajuan Kur telah Dikonfirmasi oleh Asri.,2023-10-27 11:29:25,2023-10-27 11:29:25,
4b5e659b-411c-4d1f-91c5-2dfbc6d1cce5,8a0e4079-2f85-43f2-951e-31311a07e61f,3efcc5bc-077a-48f3-8aa2-0ecc92555867,DIAJUKAN,Pengajuan Kur Diajukan,2023-04-10 09:34:35,2023-04-10 09:34:35,
4b6d13ec-5fb6-40b1-9a77-70a40a964786,24e5f775-7dd3-4c87-93bf-11fbe03436fa,ec61080b-0a2b-4bc8-b37f-06cd8d9e7ba7,DITOLAK,Pengajuan Kur Ditolak Dengan Alasan Pengajuan minimal 100 juta (KUR Kecil) oleh Taufan Agustama.,2023-08-23 17:59:38,2023-08-23 17:59:38,
4bcf6e4c-27d3-45eb-95d4-e668b386debb,663a0883-aa35-40f3-94cf-aef9adba8122,71b5a70d-b552-4f93-8096-698d64db9ccc,DIAJUKAN,Pengajuan Kur Diajukan,2023-03-16 10:06:21,2023-03-16 10:06:21,
4c1ac040-7641-4fcb-9834-976b6a7ddc38,d00e531e-743e-4685-81d5-e32d463ea621,"017bad39-c4b5-4499-8467-65b4ce6ae96c",DITOLAK,Pengajuan Kur Ditolak Dengan Alasan lokasi di jakarta oleh Erna Widyastuti.,2023-10-04 09:39:48,2023-10-04 09:39:48,
4c3e2b9e-81da-487e-8835-34200e912813,a5129da5-1b62-4bdc-8520-22366339bf4a,4e440f97-4152-42f4-a26f-a050b63277e3,DIAJUKAN,Pengajuan Kur Diajukan,2022-01-27 18:32:24,2022-01-27 18:32:24,
4c626789-f3be-40a4-a280-4d9cfb5fc613,b0c47872-ac10-41f4-b41a-13d0fa3c1b49,60ed8a12-0df1-4186-b5a2-a7555244e2c1,DIAJUKAN,Pengajuan Kur Diajukan,2022-04-12 21:08:16,2022-04-12 21:08:16,
4c6590e6-2698-40b0-8d14-93d465dd5d75,663a0883-aa35-40f3-94cf-aef9adba8122,aa758eed-fbac-4ffc-bd8a-28c09ec0ce2e,DIKONFIMASI,Pengajuan Kur telah Dikonfirmasi oleh Asri.,2023-05-31 13:06:42,2023-05-31 13:06:42,
4d19c766-6db7-4766-b668-f3507a69b956,a9e5ddf6-2a4a-42d6-8328-1a6d849267e2,17d8e830-b55c-48b0-8638-b161dc557373,DIKONFIMASI,Pengajuan Kur telah Dikonfirmasi oleh Anas Minanto.,2022-01-27 10:30:16,2022-01-27 10:30:16,
4d2a7634-8f57-417f-af3b-5b8e89c084de,1ca42d53-150c-41f8-bb88-7aeb8386acd6,"017bad39-c4b5-4499-8467-65b4ce6ae96c",DITOLAK,Pengajuan Kur Ditolak Dengan Alasan belum masuk kriteria sesuai peraturan pemerintah oleh Erna Widyastuti.,2023-11-28 10:15:31,2023-11-28 10:15:31,
4e1ebe50-18e9-45f5-a7b3-0cedabcfb213,dbfc2229-4a23-4c38-822b-63fb02c06708,37780a50-7250-4925-85b0-f11748ac514d,DIAJUKAN,Pengajuan Kur Diajukan,2023-08-05 14:56:51,2023-08-05 14:56:51,
4e8be932-9dc5-47d2-b8d7-cc604afb92d6,"0ef925f0-52a5-4bbb-8b74-9d99ba4e021b",1c7a956c-3c8f-48d3-80c1-293365b7f1e4,DIAJUKAN,Pengajuan Kur Diajukan,2023-12-21 12:50:48,2023-12-21 12:50:48,
4f250eee-f211-4c81-8b80-506d30faede9,13e1cc81-f8c6-4f4b-86e0-8ab7e5036863,ae1f4a3d-ae77-42bf-a79b-f3786142a2f2,DISETUJUI,Pengajuan Kur Disetujui Dengan Plafond Yang Diterima Rp.275.000.000 oleh Christina Rini A.,2022-01-28 00:02:41,2022-01-28 00:02:41,
4f843a9d-d58a-42c6-bbdf-0eda2ea181c3,b41c5291-5185-48de-b767-567be617eac9,fbff5559-7e12-4187-a8e8-92e6050ee5df,DISETUJUI,Pengajuan Kur Disetujui Dengan Plafond Yang Diterima Rp.200.000.000 oleh Henoch Tri Atmojo.,2022-01-27 18:25:25,2022-01-27 18:25:25,
4ff0ff63-fcdd-465e-9541-403345078b4b,142f7d8f-27aa-4fe7-ba87-a556406d07d7,"017bad39-c4b5-4499-8467-65b4ce6ae96c",DITOLAK,Pengajuan Kur Ditolak Dengan Alasan SPAM oleh Erna Widyastuti.,2023-11-28 10:08:54,2023-11-28 10:08:54,
5053a0c6-b8cf-4be0-a558-f28ae5a2ac76,24a16799-ead2-425d-9186-828a376bb767,2f386b7b-b1e9-45c6-ba03-7330fa01452f,DISETUJUI,Pengajuan Kur Disetujui Dengan Plafond Yang Diterima Rp.30.000.000 oleh Aris Subagyo.,2022-01-28 08:52:08,2022-01-28 08:52:08,
507c03e9-f4f5-421e-a907-6b5b24748ef4,64305ae2-dfb7-4f12-82cb-f1fe8013318f,3015561c-7bdc-42f3-9bfc-81fc28e048c5,DIAJUKAN,Pengajuan Kur Diajukan,2022-05-09 14:47:06,2022-05-09 14:47:06,
526646ae-43f4-4059-8dd9-2c3843d989fb,93c84524-acf5-4367-90d0-0c68ec91436a,b30fb494-c528-456f-acd7-3b43a0e4e88d,DIAJUKAN,Pengajuan Kur Diajukan,2022-08-22 09:59:07,2022-08-22 09:59:07,
5302096d-7df7-4485-b313-0d8b4de61ec0,59dfdc07-a42b-4668-9207-e88384e61cef,353114f1-9bd2-4dde-827f-e77dd15ed769,DIAJUKAN,Pengajuan Kur Diajukan,2023-06-26 17:34:55,2023-06-26 17:34:55,
5336e719-483d-458e-8e3d-dff4dfbff18d,86559157-0ac0-4f21-a1db-43205b3661e2,"017bad39-c4b5-4499-8467-65b4ce6ae96c",DIKONFIMASI,Pengajuan Kur telah Dikonfirmasi oleh Erna Widyastuti.,2022-02-02 11:55:11,2022-02-02 11:55:11,
534c1008-51ec-48c7-b622-26961e0eef6f,e98b858c-36e6-44aa-8ccb-1af2d60816e1,87fba4e5-d6c0-4e36-a0a1-ec49b985aff4,DIAJUKAN,Pengajuan Kur Diajukan,2022-01-28 16:53:20,2022-01-28 16:53:20,
53752392-30f0-4111-858c-97c700aff95e,74af134d-cfb9-45b5-900a-c5d4ac065614,5c80b4f3-a670-42d7-b55d-ff11aeff22da,DIAJUKAN,Pengajuan Kur Diajukan,2022-09-16 10:57:33,2022-09-16 10:57:33,
541defb0-3b19-4d2e-8bf2-46a5d30ce234,"0c8ed1a6-a79d-4b8c-8ed6-e829d9189b70",9dd332dd-d7c3-45fc-8b83-549a1c6d0a3c,DIAJUKAN,Pengajuan Kur Diajukan,2022-12-26 11:42:10,2022-12-26 11:42:10,
54982d85-c712-486f-ac97-df442e3cf842,c5f0cee0-7985-4c00-90dc-81e57ea89ac3,1b3651f5-5616-4636-b9dc-ccd93750b6db,DISETUJUI,Pengajuan Kur Disetujui Dengan Plafond Yang Diterima Rp.50.000.000 oleh Hakiki Radhietyawati.,2022-06-14 16:14:53,2022-06-14 16:14:53,
549eb697-950b-4e9b-895c-1fad2730745a,998f0e02-8c35-4668-bdb2-4384c151335a,"017bad39-c4b5-4499-8467-65b4ce6ae96c",DIALIHKAN,Pengajuan Kur Dialihkan Ke Sub Admin oleh Erna Widyastuti.,2022-01-28 15:16:21,2022-01-28 15:16:21,
54c4ff9e-a42f-4950-bdb8-8ed4e0ddd651,1a952e0d-59de-45b2-8d89-040a4929b928,6dca4198-cde0-44af-8978-684b0af5b731,DITOLAK,Pengajuan Kur Ditolak Dengan Alasan Overfinancing oleh Retna Mulyani.,2022-01-28 16:25:21,2022-01-28 16:25:21,
5520d3c9-0ca6-40ef-97b4-07ff4eeacf19,1f17d803-14b9-4d70-bfbb-ab52745bb1ec,7ca9254e-0116-4e64-a5d8-6445f793d2d1,DIALIHKAN,Pengajuan Kur Dialihkan Ke Sub Admin oleh R.Haryo Tutuko.,2022-01-26 16:28:42,2022-01-26 16:28:42,
554153df-519f-4cf1-b04f-82a9df60780d,147a9919-d9f7-453d-b312-f3e0a13667e1,1b3651f5-5616-4636-b9dc-ccd93750b6db,DITOLAK,Pengajuan Kur Ditolak Dengan Alasan SLIK tidak memenuhi (merah) oleh Hakiki Radhietyawati.,2022-09-06 12:14:48,2022-09-06 12:14:48,
55474642-b441-4df1-b963-5b268435ff32,147a9919-d9f7-453d-b312-f3e0a13667e1,1b3651f5-5616-4636-b9dc-ccd93750b6db,DIKONFIMASI,Pengajuan Kur telah Dikonfirmasi oleh Hakiki Radhietyawati.,2022-09-06 12:14:22,2022-09-06 12:14:22,
5670ea74-f702-474b-a215-23a9073d27f0,9868aaa0-27a2-45ff-b614-4907270192da,27cad7d5-4a58-498e-bc92-1670c63c7474,DIAJUKAN,Pengajuan Kur Diajukan,2022-08-01 09:06:21,2022-08-01 09:06:21,
57b85ea9-0420-4f1e-935e-8f774d74848c,56f7e643-24c3-432e-bcb9-9aaf38c3dfbb,5d3a7a26-0e91-4e79-becb-283afddc0ce1,DIAJUKAN,Pengajuan Kur Diajukan,2022-01-26 16:39:05,2022-01-26 16:39:05,
589cab97-e03e-4c6a-be45-83f23c5a8d47,"0d0b467d-b2d8-44a8-992e-da688607fa3a",7b1d87ac-8123-42e7-bbf6-e2d080e53404,DIAJUKAN,Pengajuan Kur Diajukan,2022-12-24 17:27:51,2022-12-24 17:27:51,
592fa769-5ef7-48e2-a6b2-3922e0c9ac23,a9e5ddf6-2a4a-42d6-8328-1a6d849267e2,17d8e830-b55c-48b0-8638-b161dc557373,DITOLAK,Pengajuan Kur Ditolak Dengan Alasan penggunaan kredit tidak sesuai peruntukan oleh Anas Minanto.,2022-01-27 10:37:05,2022-01-27 10:37:05,
59ddaf7b-eeca-43c0-9464-bd0e6f78b77f,8bf060c5-665b-495a-857a-f6026f324728,4fa07b1a-62d9-4973-8451-a7e64bf98a81,DIAJUKAN,Pengajuan Kur Diajukan,2023-01-25 04:37:12,2023-01-25 04:37:12,
5a45a9d6-135f-485c-b65d-23a3c195cfe4,29ea2930-9d0e-42ea-b542-16734d88c19e,16a3380b-457e-4085-aa15-c790b6aaccc3,DIAJUKAN,Pengajuan Kur Diajukan,2023-08-22 08:45:10,2023-08-22 08:45:10,
5afd9366-23d4-49fe-8f17-41a8a20da088,8b66c360-dbed-4fd9-b03d-3ec3191d2c0b,81f0077f-0736-4577-897a-ec031bf6b67b,DIAJUKAN,Pengajuan Kur Diajukan,2023-08-09 15:08:35,2023-08-09 15:08:35,
5b050997-1f44-4eb1-a938-cf77396ed3d0,a40d78ea-bee5-4068-a8b2-ca30d49ac945,b540d1a0-6579-4c78-833d-12fd150fda75,DIAJUKAN,Pengajuan Kur Diajukan,2022-01-27 20:23:05,2022-01-27 20:23:05,
5b144732-0611-4683-82ac-f48cdad550ed,c71decda-7331-4403-9d28-a4202a12c6b2,2af7aa8d-8eed-49be-aee4-ce264b075a7b,DISETUJUI,Pengajuan Kur Disetujui Dengan Plafond Yang Diterima Rp.500.000.000 oleh Panji Ario Sancoko.,2022-08-11 18:43:41,2022-08-11 18:43:41,
5b4d64dd-d76e-4983-b4d0-4fa8e860cee5,24a16799-ead2-425d-9186-828a376bb767,db8511eb-2b26-4216-b14c-0a9632aaf84c,DIAJUKAN,Pengajuan Kur Diajukan,2022-01-26 16:46:44,2022-01-26 16:46:44,
5b88d018-8c15-447a-bf02-a650f66c213d,86559157-0ac0-4f21-a1db-43205b3661e2,"099203db-a0c1-4bba-a391-1da775e50e7a",DISETUJUI,Pengajuan Kur Disetujui Dengan Plafond Yang Diterima Rp.150.000.000 oleh Pandu kuncoro.,2022-02-11 12:35:24,2022-02-11 12:35:24,
5bc9a9d9-4053-448d-9a9d-928edba3b40c,74af134d-cfb9-45b5-900a-c5d4ac065614,2af7aa8d-8eed-49be-aee4-ce264b075a7b,DISETUJUI,Pengajuan Kur Disetujui Dengan Plafond Yang Diterima Rp.300.000.000 oleh Panji Ario Sancoko.,2022-09-16 11:11:52,2022-09-16 11:11:52,
5c2af9c7-e538-4dcd-a996-8cc53bbff413,d1752810-bdd0-4d02-ac6f-3a409aa6d86f,37096e2c-f8ba-4378-bd53-1378472f591c,DITOLAK,Pengajuan Kur Ditolak Dengan Alasan Hasil SLIK tidak lolos verifikasi oleh Sudarsono.,2022-01-28 09:44:19,2022-01-28 09:44:19,
5c806d1e-c63a-4847-b910-bb423668a3ce,bbdd4889-2a93-4cb5-a195-21e8b5c7ef17,2af7aa8d-8eed-49be-aee4-ce264b075a7b,DISETUJUI,Pengajuan Kur Disetujui Dengan Plafond Yang Diterima Rp.300.000.000 oleh Panji Ario Sancoko.,2022-08-26 16:18:50,2022-08-26 16:18:50,
5ced0ab2-2b7b-4bbb-9269-4740783539f8,6759363e-b63c-4a62-ba2b-f58eed8e9881,"017bad39-c4b5-4499-8467-65b4ce6ae96c",DITOLAK,"Pengajuan Kur Ditolak Dengan Alasan alamat tidak jelas, hanya coba coba oleh Erna Widyastuti.",2023-05-31 11:06:56,2023-05-31 11:06:56,
5dc96244-2304-4fee-97c5-be2149505627,287d916c-4a28-4df6-8f8b-86aa8df4d8fe,4b986e99-d10f-4075-9d81-d21f2b1ca926,DIAJUKAN,Pengajuan Kur Diajukan,2023-01-30 18:38:18,2023-01-30 18:38:18,
5e3d0ad6-04b4-4ced-bd5c-257105374e14,16d94441-3463-4d05-b0d5-3f18e5997d5a,97f492fd-9a62-47d3-a65d-69ba529dcf1c,DIALIHKAN,Pengajuan Kur Dialihkan Ke Sub Admin oleh Ika Purnamasari.,2022-01-27 18:58:42,2022-01-27 18:58:42,
5e44bb5e-cc3a-4e15-864e-c14af16348ce,f398f077-1ec6-45b3-a455-11bb0c3b998a,c3d15883-7e35-4e1a-b238-bfa46d9d6e9d,DIAJUKAN,Pengajuan Kur Diajukan,2022-12-25 22:08:53,2022-12-25 22:08:53,
5eed506e-b7de-421c-896f-26ee93fc3b2e,6308f46d-7bdc-4d97-8144-cdb9cfcf64ae,aaf02116-abcb-4afd-945e-f1aa7add8075,DIAJUKAN,Pengajuan Kur Diajukan,2022-09-20 16:50:33,2022-09-20 16:50:33,
5fe3d670-fffa-407c-919b-d9d9f3a3de15,5c983b47-791d-45ca-a0fb-b30e3daefc51,d1849e98-e50d-4eec-97be-11316979e7e7,DIAJUKAN,Pengajuan Kur Diajukan,2022-01-27 11:59:42,2022-01-27 11:59:42,
60abdb4d-a528-415d-8175-ba99da430290,30a00475-2b5e-4574-8a45-8c8a4824e801,b373c7f1-9709-48ed-8518-4da2a50e3c06,DIKONFIMASI,Pengajuan Kur telah Dikonfirmasi oleh cahya.,2023-09-21 15:34:56,2023-09-21 15:34:56,
61481bc7-903a-4977-9b9f-f67971d86e30,f398f077-1ec6-45b3-a455-11bb0c3b998a,"017bad39-c4b5-4499-8467-65b4ce6ae96c",DITOLAK,Pengajuan Kur Ditolak Dengan Alasan coba coba oleh Erna Widyastuti.,2023-05-15 13:21:20,2023-05-15 13:21:20,
616f89fc-1811-46fb-a5cd-5a03f53630a7,da4248e3-1582-4d1c-99b1-47523c6c93c2,2af7aa8d-8eed-49be-aee4-ce264b075a7b,DIKONFIMASI,Pengajuan Kur telah Dikonfirmasi oleh Panji Ario Sancoko.,2022-10-14 12:00:16,2022-10-14 12:00:16,
618fef6f-e3cf-4422-91fa-b289a600147a,391992fe-18dd-4644-b91d-d246217a8830,32c75fd3-1518-47a6-8047-97945d7c5e84,DIAJUKAN,Pengajuan Kur Diajukan,2023-04-05 20:56:30,2023-04-05 20:56:30,
6243a3c3-7b88-448d-b4be-4843423bfeda,d3c03d49-ef94-44f5-9d73-8d4a29f1b70a,"017bad39-c4b5-4499-8467-65b4ce6ae96c",DIALIHKAN,Pengajuan Kur Dialihkan Ke Sub Admin oleh Erna Widyastuti.,2022-01-31 17:31:46,2022-01-31 17:31:46,
629d343d-345c-408f-99f8-baa7692a7d76,"0b661698-93f0-4564-b69a-f0c39095b6ea",2293efd6-e95f-4c72-a951-ebc22c9d47fc,DIAJUKAN,Pengajuan Kur Diajukan,2023-02-17 17:46:15,2023-02-17 17:46:15,
630ef1cb-ebe0-45cd-8167-4af7eb808467,b07ed180-d500-44cc-84ed-d921bcf5f2fa,13773aff-d35b-4aff-8ca4-890599bd1e40,DIAJUKAN,Pengajuan Kur Diajukan,2022-01-28 15:19:23,2022-01-28 15:19:23,
63d3a44f-01e4-491d-88cb-7e16827441a1,3b59aa7c-0330-4302-99d7-211c40bab607,7ca9254e-0116-4e64-a5d8-6445f793d2d1,DIKONFIMASI,Pengajuan Kur telah Dikonfirmasi oleh R.Haryo Tutuko.,2022-01-26 15:14:30,2022-01-26 15:14:30,
642d30ad-981b-418d-96e9-f5f25c0672f2,32bd382f-16bf-4d28-85f4-bc1c7c6b8a38,1a2b77b5-2378-47a3-8b13-de0c911a66e1,DIKONFIMASI,Pengajuan Kur telah Dikonfirmasi oleh AdminBRI.,2022-07-12 12:36:46,2022-07-12 12:36:46,
6461711f-7376-4429-8e1c-10272723f03a,6308f46d-7bdc-4d97-8144-cdb9cfcf64ae,2af7aa8d-8eed-49be-aee4-ce264b075a7b,DISETUJUI,Pengajuan Kur Disetujui Dengan Plafond Yang Diterima Rp.350.000.000 oleh Panji Ario Sancoko.,2022-09-20 17:00:11,2022-09-20 17:00:11,
64f7eb10-64dc-41dc-8b4b-dec76c8db80f,c2eedeae-9610-4cf1-8a93-21fa06e422e5,e09c212b-37ba-4402-9827-bf0f1b9cd4a8,DIAJUKAN,Pengajuan Kur Diajukan,2022-12-24 21:39:35,2022-12-24 21:39:35,
6510afe1-1eca-4f4c-b103-1b5098d70f33,b5553984-3ae9-4067-b40f-12a706726dac,7b1d87ac-8123-42e7-bbf6-e2d080e53404,DIAJUKAN,Pengajuan Kur Diajukan,2022-12-24 17:27:33,2022-12-24 17:27:33,
66ed8d26-ad40-4b2d-bdfb-6501684b2b5a,764fc7f4-9498-4191-bcf9-5441b2d46fe2,d260d195-c977-450a-bcc2-6ec65d18ee64,DISETUJUI,Pengajuan Kur Disetujui Dengan Plafond Yang Diterima Rp.101.000.000 oleh Dhiah Oktarinda R.,2022-01-28 17:51:26,2022-01-28 17:51:26,
67039142-0a3e-40ac-acf4-f6517ac1905a,9fe40cb5-cb1d-4e99-a52d-62439797ad3e,aa758eed-fbac-4ffc-bd8a-28c09ec0ce2e,DIKONFIMASI,Pengajuan Kur telah Dikonfirmasi oleh Asri.,2023-10-27 11:11:34,2023-10-27 11:11:34,
67d03a50-e7f6-4e8d-bbd2-32c0a48b355e,6f12e2e5-bcd9-4cfa-9f6f-b4bbd68f459d,"017bad39-c4b5-4499-8467-65b4ce6ae96c",DIKONFIMASI,Pengajuan Kur telah Dikonfirmasi oleh Erna Widyastuti.,2023-05-15 13:12:12,2023-05-15 13:12:12,
68b9d719-ab36-4bc3-a85b-03836de75e10,3fe0c783-a230-4ae9-aea6-f02a978bad51,1b3651f5-5616-4636-b9dc-ccd93750b6db,DITOLAK,Pengajuan Kur Ditolak Dengan Alasan nama dan alamat tidak jelas oleh Hakiki Radhietyawati.,2023-02-08 10:25:51,2023-02-08 10:25:51,
68c183e8-71a9-4b69-b6d7-89e62ef797bf,cc57b59a-3d18-4125-9456-b5f17fa00338,7ca9254e-0116-4e64-a5d8-6445f793d2d1,DIALIHKAN,Pengajuan Kur Dialihkan Ke Sub Admin oleh R.Haryo Tutuko.,2022-01-27 09:51:13,2022-01-27 09:51:13,
68fe6774-2033-41a9-833b-9a4b270a4c3a,70db0885-5439-4ff9-8441-1a5b48080bc2,1b3651f5-5616-4636-b9dc-ccd93750b6db,DIKONFIMASI,Pengajuan Kur telah Dikonfirmasi oleh Hakiki Radhietyawati.,2022-06-13 20:02:35,2022-06-13 20:02:35,
693780c7-3fe7-437a-a0b5-ad1bb73e9ec4,4a1ab484-c441-43ae-82ee-a418502b7ee5,58354262-a9bb-42b1-a7c2-4fa7cd98a42f,DITOLAK,Pengajuan Kur Ditolak Dengan Alasan Data pemohon tidak terverifikasi dan tidak dapat dihubungi. oleh Raja David P.,2023-06-24 11:43:40,2023-06-24 11:43:40,
69f3a4e3-26ff-4511-a908-920e5648a812,32722593-130e-415e-9aca-aba80d3b7398,aab725b7-aa17-4635-bb70-dc57e8a0e90b,DIAJUKAN,Pengajuan Kur Diajukan,2022-01-31 20:30:35,2022-01-31 20:30:35,
6a44d19f-9867-4e77-9ceb-3a6f03d5371f,fb80a7ce-aac8-4c3f-98c7-d4bbb5c9c4bd,6a38f1e9-c50a-4f7d-868a-128a0ad6578b,DISETUJUI,Pengajuan Kur Disetujui Dengan Plafond Yang Diterima Rp.50.000.000 oleh STHANU KUMARAWARMAN.,2022-01-28 21:04:03,2022-01-28 21:04:03,
6a929ff7-4655-412c-8a1b-fcdae17557e9,2234c436-3031-462b-8daf-31e58a8ae293,17d8e830-b55c-48b0-8638-b161dc557373,DIKONFIMASI,Pengajuan Kur telah Dikonfirmasi oleh Anas Minanto.,2023-04-05 10:04:05,2023-04-05 10:04:05,
6c33d99f-a2f2-4361-9e37-dbfa7beafdd4,5cd740a0-c52b-4657-8748-8bce1d91cdf1,94b7e39d-5681-48fc-855d-2a46bda792e1,DIAJUKAN,Pengajuan Kur Diajukan,2022-11-04 00:55:03,2022-11-04 00:55:03,
6c3d5092-3fa7-4d66-b7dc-2212ee22c0d2,63dd76fc-5a86-43d9-9635-0dacf14a7535,ec61080b-0a2b-4bc8-b37f-06cd8d9e7ba7,DIKONFIMASI,Pengajuan Kur telah Dikonfirmasi oleh Taufan Agustama.,2023-05-31 10:39:32,2023-05-31 10:39:32,
6c4abb1a-78c5-4fe1-a56a-d907a47b7900,f4e463bf-638d-483d-ae6f-e989304fd67a,d33b3ebf-d98b-425e-a701-600a01cbcb3c,DIKONFIMASI,Pengajuan Kur telah Dikonfirmasi oleh Andree Caesario Wijaya.,2022-06-10 10:00:43,2022-06-10 10:00:43,
6c8277be-974e-4bc2-892f-3086122b3763,"00bfd806-118c-492b-972a-b8eb89a4761c","017bad39-c4b5-4499-8467-65b4ce6ae96c",DITOLAK,"Pengajuan Kur Ditolak Dengan Alasan belum memenuhi kriteria sebagai penerima KUR, sudah memiliki pinjaman komersial oleh Erna Widyastuti.",2023-05-31 11:06:21,2023-05-31 11:06:21,
6d048ac4-9e49-4640-bb89-5fdf137df6fa,a841e498-3fc8-493e-a5fc-439226e078a7,7ca9254e-0116-4e64-a5d8-6445f793d2d1,DIALIHKAN,Pengajuan Kur Dialihkan Ke Sub Admin oleh R.Haryo Tutuko.,2022-01-26 16:33:12,2022-01-26 16:33:12,
6dc39f05-af61-41dd-9723-0e500d9045c1,78661b4c-0dfb-4f90-b31a-b5892f9919c6,3015561c-7bdc-42f3-9bfc-81fc28e048c5,DIAJUKAN,Pengajuan Kur Diajukan,2022-07-12 11:52:05,2022-07-12 11:52:05,
6edea74a-fe83-4282-966a-2cca536787be,4a8278cf-909f-4b06-be77-63e86b0d1a89,1a2b77b5-2378-47a3-8b13-de0c911a66e1,DISETUJUI,Pengajuan Kur Disetujui Dengan Plafond Yang Diterima Rp.1.000.000 oleh AdminBRI.,2022-05-09 19:36:27,2022-05-09 19:36:27,
6fa45b65-5272-46c0-83dd-1ac5e80363cd,21c93a2d-dc08-4669-8269-5f2a562af7e2,"055f4d87-1b97-4e47-b025-7d600e8a06b7",DIAJUKAN,Pengajuan Kur Diajukan,2022-07-06 12:20:41,2022-07-06 12:20:41,
7085ee7f-a72a-481e-b342-b38274068aec,7d41bd9b-e86e-4f6f-a34f-a20d6df8f2b2,ec61080b-0a2b-4bc8-b37f-06cd8d9e7ba7,DITOLAK,Pengajuan Kur Ditolak Dengan Alasan Pengajuan minimal 100 juta (KUR Kecil) oleh Taufan Agustama.,2023-08-23 18:00:04,2023-08-23 18:00:04,
70946d6a-9a5c-4fde-8192-e81baa93c693,a4ae965a-a26a-4b85-9748-95282fd0556c,"017bad39-c4b5-4499-8467-65b4ce6ae96c",DITOLAK,Pengajuan Kur Ditolak Dengan Alasan coba coba oleh Erna Widyastuti.,2023-05-15 13:22:32,2023-05-15 13:22:32,
70b21788-847f-4fe6-a92c-6485ac6973a5,9f8275f0-15df-47da-a644-50cbb2477ef1,907ff462-1e15-4981-b339-84fcc8333b41,DIAJUKAN,Pengajuan Kur Diajukan,2023-08-23 15:53:20,2023-08-23 15:53:20,
70e81e46-7740-4fc0-94b0-a623eb7afc79,1f17d803-14b9-4d70-bfbb-ab52745bb1ec,7ca9254e-0116-4e64-a5d8-6445f793d2d1,DIKONFIMASI,Pengajuan Kur telah Dikonfirmasi oleh R.Haryo Tutuko.,2022-01-26 16:28:13,2022-01-26 16:28:13,
70f571c3-b757-4b9e-bdeb-992be34210a5,242e9dc2-ff45-42db-bd4c-6389957275bc,c4512abf-1071-4fcd-a1da-26c78bf3e3a8,DIAJUKAN,Pengajuan Kur Diajukan,2022-01-31 20:07:13,2022-01-31 20:07:13,
71a54366-a4bf-44b0-8e33-669935679365,36354081-e5b7-4584-8d68-698f157f2bcd,a59177cc-1b07-4114-9417-e66f52d17e37,DIAJUKAN,Pengajuan Kur Diajukan,2022-05-12 16:02:18,2022-05-12 16:02:18,
721751ba-1ac9-4b4d-84ef-96aadbf33d3b,1dc1226d-4e3e-49c1-9300-28d1c266ac9a,97f492fd-9a62-47d3-a65d-69ba529dcf1c,DITOLAK,Pengajuan Kur Ditolak Dengan Alasan salah input nama calon debitur oleh Ika Purnamasari.,2022-01-28 16:55:29,2022-01-28 16:55:29,
72a06cfd-c9ce-4b02-afda-ae58ecf64ec3,9f5565f6-c8cf-44b4-8c9e-46c5ab8b11d1,"02dbc784-74e5-4739-82de-5c6bd141bce9",DIKONFIMASI,Pengajuan Kur telah Dikonfirmasi oleh Ridal Agus Prabowo.,2022-05-12 15:28:16,2022-05-12 15:28:16,
72c89735-4256-4780-be42-ee53bc5401f6,c8149dbe-b537-4785-9e86-0f14c382d2e7,d33b3ebf-d98b-425e-a701-600a01cbcb3c,DIKONFIMASI,Pengajuan Kur telah Dikonfirmasi oleh Andree Caesario Wijaya.,2022-09-14 16:58:51,2022-09-14 16:58:51,
730de6a2-930a-4d79-9f30-a6288affc0e7,e1575eca-010d-4708-8219-83b07fb4ad42,bce0e88c-046e-4609-a719-4fbe198d4649,DIAJUKAN,Pengajuan Kur Diajukan,2023-09-29 22:15:32,2023-09-29 22:15:32,
73769604-2cca-4d8b-87df-f46e0790e3f2,5bcb551e-0366-40cb-890d-3f75608444a5,fa98d1d7-3902-4f95-a44f-482701da06b5,DIAJUKAN,Pengajuan Kur Diajukan,2023-04-03 02:34:46,2023-04-03 02:34:46,
753b682d-6960-4477-8529-547cf0b1ef5a,d266d50a-d333-460d-8c01-fb2b45b0f41e,1b3651f5-5616-4636-b9dc-ccd93750b6db,DIKONFIMASI,Pengajuan Kur telah Dikonfirmasi oleh Hakiki Radhietyawati.,2023-02-08 10:26:06,2023-02-08 10:26:06,
756615bb-e143-46e6-b582-bfd359f3a269,a9e5ddf6-2a4a-42d6-8328-1a6d849267e2,17d8e830-b55c-48b0-8638-b161dc557373,DIKONFIMASI,Pengajuan Kur telah Dikonfirmasi oleh Anas Minanto.,2022-01-27 10:29:38,2022-01-27 10:29:38,
757d998f-4976-46b5-810e-58c8f82a300f,7d45c86f-8c3a-4f5e-8496-e3444ba4192a,a6032ba6-2153-44e8-af92-b772c6d844bc,DIAJUKAN,Pengajuan Kur Diajukan,2022-05-29 13:46:41,2022-05-29 13:46:41,
774546aa-ae8c-4f54-978d-49319493bf21,32722593-130e-415e-9aca-aba80d3b7398,"017bad39-c4b5-4499-8467-65b4ce6ae96c",DIKONFIMASI,Pengajuan Kur telah Dikonfirmasi oleh Erna Widyastuti.,2022-01-31 20:31:37,2022-01-31 20:31:37,
781a39ac-d671-45ad-ba66-6406e2b5d373,58eb997e-74f5-4fa4-aa16-cfd46b08b88c,2af7aa8d-8eed-49be-aee4-ce264b075a7b,DISETUJUI,Pengajuan Kur Disetujui Dengan Plafond Yang Diterima Rp.500.000.000 oleh Panji Ario Sancoko.,2022-08-01 12:17:32,2022-08-01 12:17:32,
78aa2e78-ccf6-4695-acd0-ab071b181da6,8bcdb34e-f73e-44ac-80c5-6c43fde7a6de,e8c0ff6c-b4dc-45a0-81e8-dbf1a64236df,DIAJUKAN,Pengajuan Kur Diajukan,2023-10-03 22:16:06,2023-10-03 22:16:06,
78e888da-e6aa-45dd-8083-0a55bd519e22,7f233b34-8fec-4dc9-87df-891bd3696257,"017bad39-c4b5-4499-8467-65b4ce6ae96c",DIKONFIMASI,Pengajuan Kur telah Dikonfirmasi oleh Erna Widyastuti.,2022-09-06 11:41:40,2022-09-06 11:41:40,
78ff5d9e-2e3a-4a29-9cf6-b5a8fce44d8c,c71decda-7331-4403-9d28-a4202a12c6b2,2af7aa8d-8eed-49be-aee4-ce264b075a7b,DIKONFIMASI,Pengajuan Kur telah Dikonfirmasi oleh Panji Ario Sancoko.,2022-08-11 18:43:20,2022-08-11 18:43:20,
798706b1-bfaa-410e-86b0-6920396ba22e,26e2b8fd-384b-4b14-90a6-d5d8544add9e,"017bad39-c4b5-4499-8467-65b4ce6ae96c",DITOLAK,Pengajuan Kur Ditolak Dengan Alasan belum masuk ketentuan oleh Erna Widyastuti.,2023-05-15 13:16:50,2023-05-15 13:16:50,
79d4d97c-9e46-4e3c-a8e5-3cdc69a69b1d,d3c03d49-ef94-44f5-9d73-8d4a29f1b70a,6244ba40-08eb-4f58-a575-61e7982dbc36,DIAJUKAN,Pengajuan Kur Diajukan,2022-01-31 17:26:19,2022-01-31 17:26:19,
79dc1ef5-77a0-463d-9b92-17a65576ccff,a5129da5-1b62-4bdc-8520-22366339bf4a,97f492fd-9a62-47d3-a65d-69ba529dcf1c,DIKONFIMASI,Pengajuan Kur telah Dikonfirmasi oleh Ika Purnamasari.,2022-01-27 18:33:10,2022-01-27 18:33:10,
79f1e9c7-02b3-4af8-a98b-1e65ca315eba,"0838dcde-6a29-4eda-b1d3-8586190ed62a",1b3651f5-5616-4636-b9dc-ccd93750b6db,DITOLAK,Pengajuan Kur Ditolak Dengan Alasan Istri Ybs debitur BRI dan kolek DPK oleh Hakiki Radhietyawati.,2022-06-14 12:37:26,2022-06-14 12:37:26,
7ac301c8-18ce-4ab9-ad88-f04c22a5d585,4d5df111-bb3b-42d3-8126-5c76a800d4b1,814e9b2c-0a3f-4fec-b243-c66b47106ed2,DISETUJUI,Pengajuan Kur Disetujui Dengan Plafond Yang Diterima Rp.200.000.000 oleh ARYO BAGUS PANUNTUN.,2022-01-27 13:00:21,2022-01-27 13:00:21,
7b5abb00-0794-469d-900e-03a00e6e7850,d373ce4d-d47c-4eec-bf8c-7552fc84e4a0,4d83a1d7-f547-4866-8d53-6668221d2c6b,DITOLAK,Pengajuan Kur Ditolak Dengan Alasan  oleh BCA Admin.,2022-06-17 17:17:42,2022-06-17 17:17:42,
7b641ee5-87a1-4162-ac2d-bea27b29d52e,6e5c85e3-bd57-411d-ae22-ec0dc7ae1fc0,58354262-a9bb-42b1-a7c2-4fa7cd98a42f,DIKONFIMASI,Pengajuan Kur telah Dikonfirmasi oleh Raja David P.,2022-09-14 09:26:38,2022-09-14 09:26:38,
7b7901b0-3b26-48a1-9960-8e67333aff96,164cd6c7-7983-4280-ae51-f14a4f528ef9,cb989a92-c0bf-40b0-9a6b-9ce72daf886f,DITOLAK,Pengajuan Kur Ditolak Dengan Alasan alamat tidak sesuai dengan data yang diberikan oleh Jaya Anggara - admin Utama.,2022-01-13 15:23:36,2022-01-13 15:23:36,
7dae76d2-4b7f-41c1-9c3e-20cd5c53af64,bd65efb6-5d4d-4656-b4ec-6b4e919b09bf,793fc1ab-48dd-4654-95b8-5c29e8959f26,DIAJUKAN,Pengajuan Kur Diajukan,2023-08-15 18:02:17,2023-08-15 18:02:17,
7e234bfd-e725-46b8-b6c0-163ddc8e2df2,147a9919-d9f7-453d-b312-f3e0a13667e1,1b3651f5-5616-4636-b9dc-ccd93750b6db,DIKONFIMASI,Pengajuan Kur telah Dikonfirmasi oleh Hakiki Radhietyawati.,2022-09-06 12:14:22,2022-09-06 12:14:22,
7e5bd9d5-75cb-4e9b-a8f6-1f88c675e4ab,1367fb11-06b0-438f-9d71-44ad63373885,58354262-a9bb-42b1-a7c2-4fa7cd98a42f,DITOLAK,Pengajuan Kur Ditolak Dengan Alasan dari hasil follow up pemohon tidak dapat menyampaikan data pendukung oleh Raja David P.,2023-09-12 09:40:19,2023-09-12 09:40:19,
7f528831-67e7-478f-9ed6-4fc67ff62b51,74b501db-4a11-42d2-a74a-1d32076ddc01,6ea68817-3317-406c-a319-ac7987e41e7e,DIAJUKAN,Pengajuan Kur Diajukan,2023-08-06 20:19:44,2023-08-06 20:19:44,
81bbca27-daab-4303-a0b9-eeff881fa72b,b9c52deb-37b9-4a9b-b402-7d0826adda96,6d4c7163-57f9-4e4e-8cc6-ed668053b745,DIAJUKAN,Pengajuan Kur Diajukan,2023-07-22 16:33:23,2023-07-22 16:33:23,
82326a79-f77a-47c2-a1c2-d52f7778e8da,67b46d58-fc0b-43d8-befa-5cf8165a34d7,cf980011-9a6c-4b6c-b41f-4484d00e634f,DITOLAK,Pengajuan Kur Ditolak Dengan Alasan Skema tidak sesuai oleh Oscar Suryaputra.,2022-05-17 10:32:19,2022-05-17 10:32:19,
82688347-9678-4933-9eb1-d611d62623db,5240243a-3c86-4c48-b07d-c7905a057dba,"017bad39-c4b5-4499-8467-65b4ce6ae96c",DITOLAK,Pengajuan Kur Ditolak Dengan Alasan coba coba oleh Erna Widyastuti.,2023-05-15 16:10:00,2023-05-15 16:10:00,
83d4b76f-1861-4c9b-8075-3fa6d57a08e0,b7daf0ab-9677-4a80-971e-f6ac47f4cd7d,8848c6b5-75d3-442f-8ab5-98048c74b04c,DIAJUKAN,Pengajuan Kur Diajukan,2022-11-21 17:14:10,2022-11-21 17:14:10,
8449503a-6689-406c-acfb-3047aa96104f,142f7d8f-27aa-4fe7-ba87-a556406d07d7,"017bad39-c4b5-4499-8467-65b4ce6ae96c",DIKONFIMASI,Pengajuan Kur telah Dikonfirmasi oleh Erna Widyastuti.,2023-11-28 10:08:19,2023-11-28 10:08:19,
8450c6a1-93c2-450d-b8ed-262afbd37c89,30095df5-f245-46ab-9eb6-159cccd441f2,d963d953-67af-4976-9969-b9e30e782a21,DIKONFIMASI,Pengajuan Kur telah Dikonfirmasi oleh Kur BCA.,2023-04-06 12:58:26,2023-04-06 12:58:26,
848aabf3-655b-4233-834f-f7a25bb19dab,e5e4d93c-1972-475b-8a69-780554706491,97f492fd-9a62-47d3-a65d-69ba529dcf1c,DIALIHKAN,Pengajuan Kur Dialihkan Ke Sub Admin oleh Ika Purnamasari.,2022-01-27 21:01:34,2022-01-27 21:01:34,
84f66cba-80b8-4af8-a607-34beb073c58a,a5129da5-1b62-4bdc-8520-22366339bf4a,97f492fd-9a62-47d3-a65d-69ba529dcf1c,DIALIHKAN,Pengajuan Kur Dialihkan Ke Sub Admin oleh Ika Purnamasari.,2022-01-27 18:33:49,2022-01-27 18:33:49,
85c3320d-d38f-4d40-ae34-49e41bc8326f,32581116-6c48-4be4-9da2-acd79c7e4bee,cdcf1310-33c8-4be3-b71b-1ea23a6c46b3,DIAJUKAN,Pengajuan Kur Diajukan,2022-09-01 14:03:21,2022-09-01 14:03:21,
860e56a2-00b4-47fd-a100-ec52afb72b02,dbafc4a3-e770-4006-85e4-4280659f17f6,2b6797a7-4a47-4675-831e-4df4aaa1f557,DIKONFIMASI,Pengajuan Kur telah Dikonfirmasi oleh ugm.,2023-09-22 22:46:02,2023-09-22 22:46:02,
8675804c-5f3f-4f99-8954-d38f72dd20eb,a382f7ae-9864-4b69-9123-dca6be051d73,d33b3ebf-d98b-425e-a701-600a01cbcb3c,DIKONFIMASI,Pengajuan Kur telah Dikonfirmasi oleh Andree Caesario Wijaya.,2023-08-30 17:56:58,2023-08-30 17:56:58,
867a7661-c201-43ca-ab81-2cf34e28df49,46394cb1-c360-4349-b092-196d94a89bbf,3015561c-7bdc-42f3-9bfc-81fc28e048c5,DIAJUKAN,Pengajuan Kur Diajukan,2022-07-12 11:49:01,2022-07-12 11:49:01,
87188221-bf5b-4dfe-8231-e11af8ca4063,a16f6119-a34f-4ecb-8ee9-7cedfcd4fbba,aa758eed-fbac-4ffc-bd8a-28c09ec0ce2e,DIKONFIMASI,Pengajuan Kur telah Dikonfirmasi oleh Asri.,2023-10-27 11:13:00,2023-10-27 11:13:00,
8754f3f6-2f19-46b9-8c91-ceb45b72d849,3a0f9276-3994-4385-b151-31c10dfd0347,d33b3ebf-d98b-425e-a701-600a01cbcb3c,DIKONFIMASI,Pengajuan Kur telah Dikonfirmasi oleh Andree Caesario Wijaya.,2022-12-09 10:28:13,2022-12-09 10:28:13,
8787afe1-5998-4978-9c50-cc8fdeb265bb,"04479381-7671-48ad-86fe-f3ff03601e1a",f8b2fdbf-0a55-4b13-a4a9-5f5f25cd8f17,DIAJUKAN,Pengajuan Kur Diajukan,2023-03-17 10:01:50,2023-03-17 10:01:50,
881452a4-18e3-4ec5-a0b9-df705c71ef93,1ca42d53-150c-41f8-bb88-7aeb8386acd6,"017bad39-c4b5-4499-8467-65b4ce6ae96c",DIKONFIMASI,Pengajuan Kur telah Dikonfirmasi oleh Erna Widyastuti.,2023-10-04 08:57:51,2023-10-04 08:57:51,
88aedc9b-edf5-41ae-8b1f-963e6f1f1b01,cc57b59a-3d18-4125-9456-b5f17fa00338,954076fc-6bb8-492e-8618-cf7e7cc0280c,DISETUJUI,Pengajuan Kur Disetujui Dengan Plafond Yang Diterima Rp.15.000.000 oleh Dewi Andriyana.,2022-01-28 09:19:39,2022-01-28 09:19:39,
88f3ff37-e875-456a-80b6-5197941b2021,f4e463bf-638d-483d-ae6f-e989304fd67a,d33b3ebf-d98b-425e-a701-600a01cbcb3c,DITOLAK,Pengajuan Kur Ditolak Dengan Alasan Tidak memenuhi syarat analisa oleh Andree Caesario Wijaya.,2022-06-10 10:04:38,2022-06-10 10:04:38,
8990db75-bc16-4581-927b-c92ed52ecf56,fadc7f66-210f-4627-af03-612cb0378a5c,"017bad39-c4b5-4499-8467-65b4ce6ae96c",DIKONFIMASI,Pengajuan Kur telah Dikonfirmasi oleh Erna Widyastuti.,2022-01-31 16:40:33,2022-01-31 16:40:33,
89a26269-9e52-4882-b9fd-0966577fa2bd,dbafc4a3-e770-4006-85e4-4280659f17f6,2b6797a7-4a47-4675-831e-4df4aaa1f557,DIKONFIMASI,Pengajuan Kur telah Dikonfirmasi oleh ugm.,2023-09-22 22:46:00,2023-09-22 22:46:00,
89cd856e-f0ab-4a4e-b604-36be11ff25f2,a382f7ae-9864-4b69-9123-dca6be051d73,d33b3ebf-d98b-425e-a701-600a01cbcb3c,DIKONFIMASI,Pengajuan Kur telah Dikonfirmasi oleh Andree Caesario Wijaya.,2023-08-30 17:57:02,2023-08-30 17:57:02,
8a13af90-3d46-481b-97a8-3f8a951eae42,12fff941-e864-4b42-8787-e605f58aca08,114ec362-0d4b-408b-85a4-c059e8bd7f72,DIAJUKAN,Pengajuan Kur Diajukan,2024-01-04 02:50:48,2024-01-04 02:50:48,
8a4e01d1-59a9-42f1-9918-9559e575b4bc,b441f94c-3360-4b59-a158-e8f24cff8776,aa758eed-fbac-4ffc-bd8a-28c09ec0ce2e,DIKONFIMASI,Pengajuan Kur telah Dikonfirmasi oleh Asri.,2023-09-21 15:23:53,2023-09-21 15:23:53,
8aa975e3-ec24-4470-8818-cd233ee8159c,a40d78ea-bee5-4068-a8b2-ca30d49ac945,97f492fd-9a62-47d3-a65d-69ba529dcf1c,DIALIHKAN,Pengajuan Kur Dialihkan Ke Sub Admin oleh Ika Purnamasari.,2022-01-27 21:02:00,2022-01-27 21:02:00,
8abb3700-bcc5-4972-bd94-e5fa82caba05,a841e498-3fc8-493e-a5fc-439226e078a7,4881df60-9bcf-4757-a891-386e436b0d66,DITOLAK,Pengajuan Kur Ditolak Dengan Alasan Tidak eligible oleh Mukti Widodo.,2022-01-27 10:01:41,2022-01-27 10:01:41,
8ac0a772-af2d-4f37-87df-2d049f46c80a,85d031b4-902f-42f9-bb1a-22f7bee76252,987ec242-3afe-4774-aafb-76cd7b09ab77,DIAJUKAN,Pengajuan Kur Diajukan,2022-11-22 09:11:17,2022-11-22 09:11:17,
8af9183c-403b-41b1-b243-537584ad0214,bd7e6b8f-0192-4752-a1e1-d86e17708705,7b03cca8-85a0-46dc-81d5-b480c270640f,DITOLAK,Pengajuan Kur Ditolak Dengan Alasan ID BI kol 2 oleh Victoria Pritta S.,2022-01-28 17:04:48,2022-01-28 17:04:48,
8b1a058c-ccff-43d3-aa5c-3974bc011dfc,5240243a-3c86-4c48-b07d-c7905a057dba,be09ec6a-d3cb-4b17-983a-b0e22a2c926c,DIAJUKAN,Pengajuan Kur Diajukan,2023-01-14 04:42:48,2023-01-14 04:42:48,
8b1ef585-e115-4b56-b515-576dccf0af64,551c2ba6-18db-4903-879d-1c5338f7e1e8,ba67bce0-1cbe-445f-a2a5-a2b66e189394,DIAJUKAN,Pengajuan Kur Diajukan,2023-03-21 18:28:10,2023-03-21 18:28:10,
8d18517f-4e95-40c3-8cbf-d655ebd13cd9,573619b3-de40-4488-a8bd-2b1b3f67e98d,1f0cf144-76cb-49c7-bfd0-9988a9635719,DIAJUKAN,Pengajuan Kur Diajukan,2023-09-02 19:26:41,2023-09-02 19:26:41,
8d1b8231-bd32-41b5-8e9c-a046a3c25f3d,c71decda-7331-4403-9d28-a4202a12c6b2,"0864b8cc-0443-4b20-aafa-4e7c73e6a9d7",DIAJUKAN,Pengajuan Kur Diajukan,2022-08-11 17:34:01,2022-08-11 17:34:01,
8d4e3b6b-d801-4de4-9e43-9a1847487fcc,be9a4377-a984-4a04-8228-8445d75b7f58,218442bb-686b-4ce4-89aa-3b4846b8fa72,DIAJUKAN,Pengajuan Kur Diajukan,2022-04-04 12:14:32,2022-04-04 12:14:32,
8d6c26ca-9280-4a55-b419-86c0242401c1,73612ebf-66b5-4bf6-adca-20ffebd5d433,1f0cf144-76cb-49c7-bfd0-9988a9635719,DIAJUKAN,Pengajuan Kur Diajukan,2023-09-02 19:29:15,2023-09-02 19:29:15,
8daa2d09-fb70-4ac2-9102-186998ed8677,d266d50a-d333-460d-8c01-fb2b45b0f41e,1b3651f5-5616-4636-b9dc-ccd93750b6db,DITOLAK,Pengajuan Kur Ditolak Dengan Alasan nama dan alamat tidak jelas oleh Hakiki Radhietyawati.,2023-02-08 10:26:36,2023-02-08 10:26:36,
8dae6aa2-c490-444a-813b-527e697180ec,6b2fa636-4802-4a96-bd8c-0d011d0fac30,cb989a92-c0bf-40b0-9a6b-9ce72daf886f,DIKONFIMASI,Pengajuan Kur telah Dikonfirmasi oleh Jaya Anggara - admin Utama.,2022-01-22 14:30:09,2022-01-22 14:30:09,
8dbb470a-b3b2-4e2e-9f79-1b51698df196,147a9919-d9f7-453d-b312-f3e0a13667e1,1b3651f5-5616-4636-b9dc-ccd93750b6db,DIKONFIMASI,Pengajuan Kur telah Dikonfirmasi oleh Hakiki Radhietyawati.,2022-09-06 12:14:21,2022-09-06 12:14:21,
8dbe5124-b97b-4c7d-873b-f03042d535ac,9868aaa0-27a2-45ff-b614-4907270192da,2af7aa8d-8eed-49be-aee4-ce264b075a7b,DISETUJUI,Pengajuan Kur Disetujui Dengan Plafond Yang Diterima Rp.500.000.000 oleh Panji Ario Sancoko.,2022-08-01 09:26:17,2022-08-01 09:26:17,
8e14f08c-0006-4a31-a096-31d90a5de128,764fc7f4-9498-4191-bcf9-5441b2d46fe2,d260d195-c977-450a-bcc2-6ec65d18ee64,DISETUJUI,Pengajuan Kur Disetujui Dengan Plafond Yang Diterima Rp.101.000.000 oleh Dhiah Oktarinda R.,2022-01-28 17:51:21,2022-01-28 17:51:21,
8e568ff8-2d89-45dc-8740-81e834bb4aca,91310993-49f6-441a-8bb7-f7e1f7b68ad3,1c79978c-f7a1-4527-a31f-c42d7f69d5eb,DIAJUKAN,Pengajuan Kur Diajukan,2023-08-30 18:35:59,2023-08-30 18:35:59,
8e8f35d8-2fb1-4bad-ae92-6d8e4185d68e,bbb7a91d-dbbd-459f-afad-c82f4d1ec126,4514d111-b1a4-4d0f-b87c-3ed27fe5f812,DIAJUKAN,Pengajuan Kur Diajukan,2023-03-14 22:54:39,2023-03-14 22:54:39,
8ef05180-1891-473f-8ae7-1c447e4e2fc2,aea6d771-41eb-4a6e-b642-79f4a214cc69,97f492fd-9a62-47d3-a65d-69ba529dcf1c,DIKONFIMASI,Pengajuan Kur telah Dikonfirmasi oleh Ika Purnamasari.,2022-01-28 15:08:37,2022-01-28 15:08:37,
8f474d85-3438-4e8f-928b-6be0e41dc2a1,fadc7f66-210f-4627-af03-612cb0378a5c,"099203db-a0c1-4bba-a391-1da775e50e7a",DISETUJUI,Pengajuan Kur Disetujui Dengan Plafond Yang Diterima Rp.300.000.000 oleh Pandu kuncoro.,2022-01-31 17:27:34,2022-01-31 17:27:34,
8f7c2cc8-4bf9-4823-bdd1-7ebe74de4c0f,5c983b47-791d-45ca-a0fb-b30e3daefc51,737d981c-27a8-424c-89a9-fc530e9d4a7f,DITOLAK,Pengajuan Kur Ditolak Dengan Alasan Hasil SLIK tidak sesuai ketentuan oleh Ricky Riyanto.,2022-01-28 10:50:05,2022-01-28 10:50:05,
8fd28722-5a07-45d9-9017-42abad815781,2ae0e044-8781-4dc5-bb67-ceabb81c24e5,59485709-89bf-4220-8751-50b0e997a90a,DIAJUKAN,Pengajuan Kur Diajukan,2022-01-28 17:05:31,2022-01-28 17:05:31,
90227044-98b1-47b5-b8ef-2c658853eef5,7d45c86f-8c3a-4f5e-8496-e3444ba4192a,2a17cbb1-58d3-43ad-a8c9-bbbe92a7ab57,DIALIHKAN,Pengajuan Kur Dialihkan Ke Sub Admin oleh Fatah Fitriyana.,2022-05-30 10:42:36,2022-05-30 10:42:36,
9075bf5a-e4df-4632-80b5-83c7e43f2edc,cadf9e3b-0f7d-4ae4-8a04-1f7b893f06d3,574d64ac-5506-426a-a2f4-efc30795864e,DIAJUKAN,Pengajuan Kur Diajukan,2023-07-02 23:28:21,2023-07-02 23:28:21,
9108f84b-6748-4597-a89e-71388d244259,d373ce4d-d47c-4eec-bf8c-7552fc84e4a0,3015561c-7bdc-42f3-9bfc-81fc28e048c5,DIAJUKAN,Pengajuan Kur Diajukan,2022-06-17 17:03:21,2022-06-17 17:03:21,
912cd79f-c55b-4858-918c-04949c7db079,3a0f9276-3994-4385-b151-31c10dfd0347,a69348c8-a817-494f-aad0-f47413cbbc00,DIAJUKAN,Pengajuan Kur Diajukan,2022-11-25 17:37:51,2022-11-25 17:37:51,
914615de-0df0-46b0-ac7b-397b259c594b,16015000-ab3a-48e5-8e22-d381914e12b7,574d64ac-5506-426a-a2f4-efc30795864e,DIAJUKAN,Pengajuan Kur Diajukan,2023-09-02 18:57:41,2023-09-02 18:57:41,
918d5c5b-09ff-4820-b898-d9817fef7399,e243a76a-80d4-4927-a202-c4243d26826f,3ad25274-1faf-4e12-a5ed-d5f5433e2272,DIAJUKAN,Pengajuan Kur Diajukan,2022-01-26 16:20:28,2022-01-26 16:20:28,
9346d7dc-8877-40cc-92e8-742c9df4c273,f4e463bf-638d-483d-ae6f-e989304fd67a,d33b3ebf-d98b-425e-a701-600a01cbcb3c,DIKONFIMASI,Pengajuan Kur telah Dikonfirmasi oleh Andree Caesario Wijaya.,2022-06-10 10:00:39,2022-06-10 10:00:39,
934b00db-9f8a-489c-8a2e-12e59564a5ef,7c82362a-5f5f-41c8-9215-cee5830ff393,5daa18d0-d4ea-4107-b597-3891b2c00daf,DIAJUKAN,Pengajuan Kur Diajukan,2023-09-03 20:57:36,2023-09-03 20:57:36,
93722bc1-465e-4c9c-9ab5-d48142e9d0a2,6e928d8d-c20c-4e25-a898-f2b073c452bb,907ff462-1e15-4981-b339-84fcc8333b41,DIAJUKAN,Pengajuan Kur Diajukan,2023-08-23 15:50:25,2023-08-23 15:50:25,
93a61da8-23c1-4f0f-8945-233b1b38dbc2,164cd6c7-7983-4280-ae51-f14a4f528ef9,e7143db9-358c-43f9-9914-50a40b27da58,DIAJUKAN,Pengajuan Kur Diajukan,2022-01-13 13:11:51,2022-01-13 13:11:51,
93c5db0e-9390-42ec-979f-423f9db1d656,bd65efb6-5d4d-4656-b4ec-6b4e919b09bf,ec61080b-0a2b-4bc8-b37f-06cd8d9e7ba7,DIKONFIMASI,Pengajuan Kur telah Dikonfirmasi oleh Taufan Agustama.,2023-08-23 17:58:23,2023-08-23 17:58:23,
94243ecc-7be2-4a24-8beb-1133fa1d93e4,2234c436-3031-462b-8daf-31e58a8ae293,17d8e830-b55c-48b0-8638-b161dc557373,DITOLAK,Pengajuan Kur Ditolak Dengan Alasan data tidak valid oleh Anas Minanto.,2023-04-05 10:05:00,2023-04-05 10:05:00,
942a929f-314b-459e-a059-750b502877b7,468a93e5-757b-4558-ab75-8ce7d11b7acc,d33b3ebf-d98b-425e-a701-600a01cbcb3c,DITOLAK,Pengajuan Kur Ditolak Dengan Alasan Tes oleh Andree Caesario Wijaya.,2023-04-04 14:13:21,2023-04-04 14:13:21,
94b7db60-5ef6-49ff-9397-68eb7fa05628,"05d873a3-1f09-4712-a1f8-15b8e7943d4b",bce0e88c-046e-4609-a719-4fbe198d4649,DIAJUKAN,Pengajuan Kur Diajukan,2023-09-10 14:49:20,2023-09-10 14:49:20,
952fc1d6-c46d-4883-9c96-aeb9c9701a8c,48827ee9-4026-406e-a0f0-b314215ff1c2,e6fe3566-0c13-45d9-b99d-ff59ca44fea1,DIAJUKAN,Pengajuan Kur Diajukan,2023-03-26 10:58:47,2023-03-26 10:58:47,
95a03608-3cd8-469c-8e3f-ac7d38d0f60e,4d5df111-bb3b-42d3-8126-5c76a800d4b1,7ca9254e-0116-4e64-a5d8-6445f793d2d1,DIKONFIMASI,Pengajuan Kur telah Dikonfirmasi oleh R.Haryo Tutuko.,2022-01-26 16:28:59,2022-01-26 16:28:59,
95b3626d-4856-435a-aa46-b52aab5f563d,84659bb6-f25b-445f-a4d8-6ec6a9d930ce,1b3651f5-5616-4636-b9dc-ccd93750b6db,DISETUJUI,Pengajuan Kur Disetujui Dengan Plafond Yang Diterima Rp.100.000.000 oleh Hakiki Radhietyawati.,2022-09-06 12:58:13,2022-09-06 12:58:13,
95bac828-7354-45e0-8ded-8775010c0e34,156ed00b-42b2-4ff3-ac73-3d7b13e1d5c8,2af7aa8d-8eed-49be-aee4-ce264b075a7b,DISETUJUI,Pengajuan Kur Disetujui Dengan Plafond Yang Diterima Rp.500.000.000 oleh Panji Ario Sancoko.,2022-07-14 14:31:13,2022-07-14 14:31:13,
95e5aa7f-d582-4124-93ad-fc661e59f7ae,9f405508-d709-4150-b1f4-c0a084ea4a83,71b463eb-c863-4033-8200-61cf860ddfe3,DIAJUKAN,Pengajuan Kur Diajukan,2022-12-04 07:30:10,2022-12-04 07:30:10,
95f46d91-0afb-46e3-be7d-b58f9c1dbdb4,3b59aa7c-0330-4302-99d7-211c40bab607,7fee01e2-4a69-4027-9bcb-91e316c3beef,DIAJUKAN,Pengajuan Kur Diajukan,2022-01-26 14:38:37,2022-01-26 14:38:37,
96cfb4a2-451e-49b5-a417-10d1ab083be7,cc57b59a-3d18-4125-9456-b5f17fa00338,4d491383-bd50-4dd5-980d-6ff91e577fee,DIAJUKAN,Pengajuan Kur Diajukan,2022-01-26 17:36:22,2022-01-26 17:36:22,
97b774b4-cfd3-42a1-976a-f2f954d40cad,b0ec6c32-7844-40b6-a6ed-5c2f6da3cc63,2af7aa8d-8eed-49be-aee4-ce264b075a7b,DIKONFIMASI,Pengajuan Kur telah Dikonfirmasi oleh Panji Ario Sancoko.,2022-07-28 09:34:53,2022-07-28 09:34:53,
97b8dc95-3c75-44dd-a57d-3e73a1675d6e,cc44c225-b799-4419-bdc7-d12b234704b4,"03d92a2e-b8d6-4970-8e5a-9de317e7ec00",DIAJUKAN,Pengajuan Kur Diajukan,2023-03-08 18:33:47,2023-03-08 18:33:47,
97c9a38a-82c5-4581-9f58-8801f9cb8114,8bcdb34e-f73e-44ac-80c5-6c43fde7a6de,"017bad39-c4b5-4499-8467-65b4ce6ae96c",DIKONFIMASI,Pengajuan Kur telah Dikonfirmasi oleh Erna Widyastuti.,2023-10-04 08:57:17,2023-10-04 08:57:17,
980dc53e-c506-485a-bc28-2af2f3bc19cf,63dd76fc-5a86-43d9-9635-0dacf14a7535,ec61080b-0a2b-4bc8-b37f-06cd8d9e7ba7,DIKONFIMASI,Pengajuan Kur telah Dikonfirmasi oleh Taufan Agustama.,2023-05-31 10:39:29,2023-05-31 10:39:29,
9877b2ef-17c1-4fe6-8190-a7a46986a6d4,292dd529-f5ee-4986-890c-7d67c708e642,"09431f3b-f2da-4775-83c2-ac01a17bfd21",DIAJUKAN,Pengajuan Kur Diajukan,2023-04-12 11:46:27,2023-04-12 11:46:27,
9890db27-158a-48bc-975d-b374f8dc141c,8bf060c5-665b-495a-857a-f6026f324728,aa758eed-fbac-4ffc-bd8a-28c09ec0ce2e,DITOLAK,"Pengajuan Kur Ditolak Dengan Alasan no hp tidak bisa di hubungi , no hp tidak valid oleh Asri.",2023-09-21 16:30:12,2023-09-21 16:30:12,
996b7b27-8dfe-47e5-9ba4-c12a1915ff6d,93a75eae-bf51-424c-ae5f-18437f36537c,309dd378-6848-4225-9669-8ec41f13dd71,DIAJUKAN,Pengajuan Kur Diajukan,2022-01-26 15:48:17,2022-01-26 15:48:17,
9a63aba8-64cc-4fc7-a0d1-1e5ea72e381c,9fee7ce1-7687-4859-8528-c97a7f9bf12a,f143f5d3-e2dc-492b-ac3e-316444a56d01,DIAJUKAN,Pengajuan Kur Diajukan,2022-09-06 15:56:30,2022-09-06 15:56:30,
9aa103e6-7e8b-4838-b706-4764e582412f,f9313dac-c206-475b-afec-474b8efdb313,a4756192-6656-4def-a06d-931dca721386,DIAJUKAN,Pengajuan Kur Diajukan,2022-01-31 20:21:45,2022-01-31 20:21:45,
9b2289ee-cc88-461b-9e94-6f03a7782a50,416425b8-3a38-4ea8-8ccc-ce5f74df2467,2047e0fa-e89c-4d1f-aeea-09380ccc7ba7,DIAJUKAN,Pengajuan Kur Diajukan,2023-10-02 22:57:12,2023-10-02 22:57:12,
9b83dd6c-a4ae-4a42-b2f7-517b57cba2c4,a40d78ea-bee5-4068-a8b2-ca30d49ac945,bd6341c9-fbaf-4102-bc06-19848de045ca,DISETUJUI,Pengajuan Kur Disetujui Dengan Plafond Yang Diterima Rp.500.000.000 oleh Danang Kristiawan.,2022-01-27 21:03:48,2022-01-27 21:03:48,
9c0ca3e1-5221-4e14-8061-a3231bfc621d,83733b4c-80f3-4ab8-ae9f-5b5bd594d4a4,2af7aa8d-8eed-49be-aee4-ce264b075a7b,DISETUJUI,Pengajuan Kur Disetujui Dengan Plafond Yang Diterima Rp.500.000.000 oleh Panji Ario Sancoko.,2022-08-26 11:12:53,2022-08-26 11:12:53,
9c10b483-884d-4391-b66a-93c0064010bd,b0ec6c32-7844-40b6-a6ed-5c2f6da3cc63,2af7aa8d-8eed-49be-aee4-ce264b075a7b,DITOLAK,Pengajuan Kur Ditolak Dengan Alasan Tidak sesuai oleh Panji Ario Sancoko.,2022-07-28 09:35:15,2022-07-28 09:35:15,
9cd12c89-f5b1-4fd0-89ed-15463eb9c8a3,9683f75a-f91b-4dea-9f19-37117cf915ab,e08b0d0e-a470-4a92-ba11-e6c65ff894b9,DIAJUKAN,Pengajuan Kur Diajukan,2023-08-05 12:46:27,2023-08-05 12:46:27,
9cfa79ff-1b46-4284-83b3-fe7f6cd866a8,fd4dce6c-8399-4adb-8ad7-44b512b97715,48e49b8e-e8d9-492c-a1a6-76b7ed27f67d,DIAJUKAN,Pengajuan Kur Diajukan,2023-08-30 19:44:22,2023-08-30 19:44:22,
9d03e216-ad45-4978-8695-dfd13ac0ac6d,d8e662ca-5dbb-4644-acc9-a17f10f8a7ad,3f34f7cd-faff-49c5-8866-969aba8bd158,DIAJUKAN,Pengajuan Kur Diajukan,2023-12-27 13:11:04,2023-12-27 13:11:04,
9d0dbeef-81f2-4890-9dcf-c7ad4a7996aa,3b59aa7c-0330-4302-99d7-211c40bab607,7ca9254e-0116-4e64-a5d8-6445f793d2d1,DIALIHKAN,Pengajuan Kur Dialihkan Ke Sub Admin oleh R.Haryo Tutuko.,2022-01-26 15:15:15,2022-01-26 15:15:15,
9d420754-5752-490c-a4af-7e8c2922ebd9,d52a1263-74b9-4b59-a608-e66e316dcb23,3b5ee594-35e5-4755-92ae-bc105a50bf48,DIKONFIMASI,Pengajuan Kur telah Dikonfirmasi oleh Caesar Fadel Iqbal Tawakkal.,2022-12-06 11:43:05,2022-12-06 11:43:05,
9dc6eefc-db33-4845-8efe-ea5eb143312b,3856a49f-fad9-43f1-8bfd-6f29aa584793,70534053-7c52-431c-ad73-edf6afaa9f81,DIAJUKAN,Pengajuan Kur Diajukan,2022-05-25 13:16:26,2022-05-25 13:16:26,
9ef2e8b8-1137-4b12-b53c-48f7c9ad5db2,"089e1310-9491-4fa1-a9f8-3f1430d64fa1",6cccbe15-440e-4a91-819e-adf0df705e36,DIAJUKAN,Pengajuan Kur Diajukan,2023-02-14 00:02:39,2023-02-14 00:02:39,
9f0a8486-d8b9-440d-bfb9-4bbb3c64f1df,dbafc4a3-e770-4006-85e4-4280659f17f6,2b6797a7-4a47-4675-831e-4df4aaa1f557,DIKONFIMASI,Pengajuan Kur telah Dikonfirmasi oleh ugm.,2023-09-22 22:46:03,2023-09-22 22:46:03,
9f0b4d61-b2fd-47b8-a922-d03bc1bf9a33,2ba6a4da-336d-49a5-b57b-85d51bd7a58b,aa758eed-fbac-4ffc-bd8a-28c09ec0ce2e,DIKONFIMASI,Pengajuan Kur telah Dikonfirmasi oleh Asri.,2023-05-31 13:07:10,2023-05-31 13:07:10,
9f113d4e-9cf7-4fad-b068-95fd383d2440,1dc1226d-4e3e-49c1-9300-28d1c266ac9a,97f492fd-9a62-47d3-a65d-69ba529dcf1c,DIKONFIMASI,Pengajuan Kur telah Dikonfirmasi oleh Ika Purnamasari.,2022-01-28 16:24:10,2022-01-28 16:24:10,
9f58b628-9057-4dfb-b59a-838ca54613f3,c169cc0c-28d7-4758-90eb-ded6537f79ea,58cf4fcf-4060-4d01-9527-9ae99c338a52,DIAJUKAN,Pengajuan Kur Diajukan,2022-09-16 12:05:52,2022-09-16 12:05:52,
9fa72fc0-7177-483f-8281-e21ef66dd512,d8490ecb-c182-470a-aa4f-cf221876350c,d7441906-618a-4545-8426-9a0572277ac0,DIAJUKAN,Pengajuan Kur Diajukan,2024-01-17 23:50:55,2024-01-17 23:50:55,
9fb1a6f9-afcb-4f91-8788-671ca11f13d4,f580712e-5b32-4d72-8324-88f11bf3b768,db4f21c7-ec35-49ff-8b0f-30f57528da34,DIAJUKAN,Pengajuan Kur Diajukan,2023-04-08 19:45:05,2023-04-08 19:45:05,
a01f1009-9889-42f3-80e9-a2dbf0ef3714,381793b8-9501-440e-8712-b090b2bda717,58354262-a9bb-42b1-a7c2-4fa7cd98a42f,DIKONFIMASI,Pengajuan Kur telah Dikonfirmasi oleh Raja David P.,2023-06-24 11:48:27,2023-06-24 11:48:27,
a0240c2b-66b8-4f5d-9d65-e6fffdf55e8b,6b2fa636-4802-4a96-bd8c-0d011d0fac30,4139595f-d710-4395-ad66-744a1ebfe915,DIAJUKAN,Pengajuan Kur Diajukan,2022-01-19 15:20:49,2022-01-19 15:20:49,
a120c591-808f-458c-bc07-47d0c570cfc8,6d8c5f0c-570a-45cc-9969-4cd34e8aad02,f495c64b-5389-47a4-aa97-052ba89ded9b,DIAJUKAN,Pengajuan Kur Diajukan,2023-10-13 17:39:44,2023-10-13 17:39:44,
a12a1df8-a4db-4065-857d-db966a815d08,b8a34346-d120-489b-8f7a-995193f6cfd5,"017bad39-c4b5-4499-8467-65b4ce6ae96c",DIALIHKAN,Pengajuan Kur Dialihkan Ke Sub Admin oleh Erna Widyastuti.,2022-01-31 21:08:23,2022-01-31 21:08:23,
a13bd94c-121f-4a6d-91cc-8a82b4d936e9,fadc7f66-210f-4627-af03-612cb0378a5c,cce40336-df16-48b6-99ac-a561550078e6,DIAJUKAN,Pengajuan Kur Diajukan,2022-01-31 16:37:44,2022-01-31 16:37:44,
a233cbb6-f751-4060-b0b5-331894955347,d00e531e-743e-4685-81d5-e32d463ea621,"017bad39-c4b5-4499-8467-65b4ce6ae96c",DIKONFIMASI,Pengajuan Kur telah Dikonfirmasi oleh Erna Widyastuti.,2023-10-04 08:58:23,2023-10-04 08:58:23,
a24f3327-7956-4a57-8fce-352bb464571c,dbafc4a3-e770-4006-85e4-4280659f17f6,2b6797a7-4a47-4675-831e-4df4aaa1f557,DIKONFIMASI,Pengajuan Kur telah Dikonfirmasi oleh ugm.,2023-09-22 22:45:58,2023-09-22 22:45:58,
a3600376-d580-4abf-9755-65d48359f115,83733b4c-80f3-4ab8-ae9f-5b5bd594d4a4,2af7aa8d-8eed-49be-aee4-ce264b075a7b,DIKONFIMASI,Pengajuan Kur telah Dikonfirmasi oleh Panji Ario Sancoko.,2022-08-26 11:12:33,2022-08-26 11:12:33,
a3888b11-633f-4901-b0d6-ec62df332af9,6759363e-b63c-4a62-ba2b-f58eed8e9881,f679a4c8-31e9-4304-b240-4dd78b8e03be,DIAJUKAN,Pengajuan Kur Diajukan,2023-05-08 19:05:10,2023-05-08 19:05:10,
a3d09593-6f88-49b8-821c-4ccb7ef41f6c,29ea2930-9d0e-42ea-b542-16734d88c19e,aa758eed-fbac-4ffc-bd8a-28c09ec0ce2e,DITOLAK,Pengajuan Kur Ditolak Dengan Alasan calon debitur menolak karena sudah ada pinjaman di bank lain oleh Asri.,2023-09-21 16:40:36,2023-09-21 16:40:36,
a3ddd29f-3bb5-4ab4-b68f-5a5064573091,84659bb6-f25b-445f-a4d8-6ec6a9d930ce,1b3651f5-5616-4636-b9dc-ccd93750b6db,DIKONFIMASI,Pengajuan Kur telah Dikonfirmasi oleh Hakiki Radhietyawati.,2022-09-06 11:25:54,2022-09-06 11:25:54,
a402d039-81d3-42e4-88f5-26642e412412,164cd6c7-7983-4280-ae51-f14a4f528ef9,cb989a92-c0bf-40b0-9a6b-9ce72daf886f,DIKONFIMASI,Pengajuan Kur telah Dikonfirmasi oleh Jaya Anggara - admin Utama.,2022-01-13 15:21:49,2022-01-13 15:21:49,
a470ed7f-9a33-42d9-9b72-1e81073284de,7d45c86f-8c3a-4f5e-8496-e3444ba4192a,5ef19840-3eeb-4948-9d9b-657c6d1124d8,DITOLAK,Pengajuan Kur Ditolak Dengan Alasan Ybs masih mencari informasi ttg KUR oleh Prasetya Wardhani.,2022-06-03 13:42:18,2022-06-03 13:42:18,
a49aabe6-d27c-413d-a109-801727e91d20,3fe0c783-a230-4ae9-aea6-f02a978bad51,597bfb2f-8a2f-41e3-9598-e31c84d1a06f,DIAJUKAN,Pengajuan Kur Diajukan,2022-12-26 11:35:44,2022-12-26 11:35:44,
a49bfbe9-739c-4417-a776-ba7596f8c9ba,f7ec2bac-9cb8-4fe4-aaa7-accb634b9dde,9f6e7d93-07ed-479c-8344-ebdbee040d25,DIAJUKAN,Pengajuan Kur Diajukan,2023-10-25 18:50:30,2023-10-25 18:50:30,
a4cb9b71-f7bd-4962-82b6-c8529c2c7031,2ae0e044-8781-4dc5-bb67-ceabb81c24e5,1b3651f5-5616-4636-b9dc-ccd93750b6db,DIKONFIMASI,Pengajuan Kur telah Dikonfirmasi oleh Hakiki Radhietyawati.,2022-01-28 17:22:20,2022-01-28 17:22:20,
a5187f77-7d97-4cec-b295-522d5ed0cbda,dbafc4a3-e770-4006-85e4-4280659f17f6,bce0e88c-046e-4609-a719-4fbe198d4649,DIAJUKAN,Pengajuan Kur Diajukan,2023-09-22 22:32:34,2023-09-22 22:32:34,
a5264bdb-e9b7-46a3-b418-36522844181b,242e9dc2-ff45-42db-bd4c-6389957275bc,"017bad39-c4b5-4499-8467-65b4ce6ae96c",DIKONFIMASI,Pengajuan Kur telah Dikonfirmasi oleh Erna Widyastuti.,2022-01-31 20:08:11,2022-01-31 20:08:11,
a52f479a-556b-4500-9fd6-f892847b1bbb,78be3283-3a28-4eae-8ff5-dce1d903bb1a,9dd332dd-d7c3-45fc-8b83-549a1c6d0a3c,DIAJUKAN,Pengajuan Kur Diajukan,2022-12-26 11:40:48,2022-12-26 11:40:48,
a55291be-698f-4649-b53c-30423ec03b71,7d6cd27e-0e45-4626-8b50-c69e4e7d877a,6217a288-2cf0-4bac-9a9c-ec553b082f57,DIAJUKAN,Pengajuan Kur Diajukan,2023-02-28 01:03:01,2023-02-28 01:03:01,
a5aae282-c5f0-4a4c-bab7-a9bd72354ba9,1f17d803-14b9-4d70-bfbb-ab52745bb1ec,b404e7f5-bf50-4c62-8c43-021a2a348bef,DIAJUKAN,Pengajuan Kur Diajukan,2022-01-26 16:15:20,2022-01-26 16:15:20,
a5c33998-0bda-4a3d-a46d-40ab1604f5e8,e5e4d93c-1972-475b-8a69-780554706491,bd6341c9-fbaf-4102-bc06-19848de045ca,DISETUJUI,Pengajuan Kur Disetujui Dengan Plafond Yang Diterima Rp.75.000.000 oleh Danang Kristiawan.,2022-01-27 21:03:21,2022-01-27 21:03:21,
a639a20c-76b4-4e18-b959-271251d9e5fd,2bca1583-6172-4112-830c-2ccb0d79aea2,60829466-705a-4026-bfc1-99ca012f5caa,DIAJUKAN,Pengajuan Kur Diajukan,2023-11-23 16:15:55,2023-11-23 16:15:55,
a6430726-b66e-4e1e-ba2a-3a20a765a670,79880f50-ad6b-4d00-8a50-66fd10f90ba5,19b06ad9-ba3b-4cff-9169-1bd129cc5dc4,DIAJUKAN,Pengajuan Kur Diajukan,2022-10-06 19:03:23,2022-10-06 19:03:23,
a6bb75ca-088f-4e48-b2a9-54a01d205d68,9fe40cb5-cb1d-4e99-a52d-62439797ad3e,d431a206-6dcb-4f15-943f-63b03d3b4e4b,DIAJUKAN,Pengajuan Kur Diajukan,2023-10-20 11:55:44,2023-10-20 11:55:44,
a6de92e3-358a-4e8f-8647-2583f447cdda,1e7bda2f-f22b-42f1-b54a-f1579ec3ad12,e08b0d0e-a470-4a92-ba11-e6c65ff894b9,DIAJUKAN,Pengajuan Kur Diajukan,2023-08-05 12:45:58,2023-08-05 12:45:58,
a6f5ce65-e23e-4724-8df6-d883abf900a4,a382f7ae-9864-4b69-9123-dca6be051d73,"0fbaa9db-037c-467c-bb51-5ab5eb2e665f",DIAJUKAN,Pengajuan Kur Diajukan,2022-12-26 10:32:08,2022-12-26 10:32:08,
a71ea6ae-beea-4cf3-bf20-e27fab0b1fa4,16ba460b-eac6-409f-b6b9-50442c7652ce,f910af8f-ea01-4350-9e79-fbd84405fd52,DIAJUKAN,Pengajuan Kur Diajukan,2022-06-22 16:16:17,2022-06-22 16:16:17,
a7d9b60b-5fdf-42d3-8d2b-77abf423b623,27e7fa95-d8d3-44ae-9012-41803cb9042d,d0eb0c0b-1be8-4771-948c-b5042e7d0f39,DIKONFIMASI,Pengajuan Kur telah Dikonfirmasi oleh Rachmad Yudha Ardhiansyah.,2023-10-24 17:35:58,2023-10-24 17:35:58,
a8492a2a-a8f9-499f-bba9-b99b7ceeab3e,2ba6a4da-336d-49a5-b57b-85d51bd7a58b,"0c049d96-37fa-4bc6-8d01-b1c7851001a6",DIAJUKAN,Pengajuan Kur Diajukan,2023-05-09 13:17:40,2023-05-09 13:17:40,
a94d365f-7d64-45d6-ae72-9c26b30b70e8,bbdd4889-2a93-4cb5-a195-21e8b5c7ef17,735912fc-fb03-4c41-988d-cf9e73472fd4,DIAJUKAN,Pengajuan Kur Diajukan,2022-08-26 16:02:29,2022-08-26 16:02:29,
a94f89c0-c7ed-4159-84eb-3dc6a1f293bf,c8f22780-1d1c-4918-95bc-190def05b6e1,4514d111-b1a4-4d0f-b87c-3ed27fe5f812,DIAJUKAN,Pengajuan Kur Diajukan,2023-05-03 10:47:49,2023-05-03 10:47:49,
a990fab5-01f3-49b9-930f-9ad01571dfc6,16ba460b-eac6-409f-b6b9-50442c7652ce,17d8e830-b55c-48b0-8638-b161dc557373,DIKONFIMASI,Pengajuan Kur telah Dikonfirmasi oleh Anas Minanto.,2022-06-22 16:22:02,2022-06-22 16:22:02,
aad8ef28-2ab1-44a2-9022-35a6ff4701ce,be9a4377-a984-4a04-8228-8445d75b7f58,"017bad39-c4b5-4499-8467-65b4ce6ae96c",DIALIHKAN,Pengajuan Kur Dialihkan Ke Sub Admin oleh Erna Widyastuti.,2022-04-05 09:34:18,2022-04-05 09:34:18,
ab8e623a-fc9a-4890-9149-4fd816e2f9ed,a443c596-b63e-49e1-b54b-e84e6b39b0b7,2e51464f-4685-4ac3-9c48-839361e23835,DIAJUKAN,Pengajuan Kur Diajukan,2023-01-13 13:36:28,2023-01-13 13:36:28,
abcc323f-5d0b-4056-9cab-1d19a5cedc96,3f1e6f5f-7202-4834-a7fa-5dcd32f15105,bba81d65-8a12-4f21-95ac-17d5eb143aa9,DIAJUKAN,Pengajuan Kur Diajukan,2023-04-04 22:46:37,2023-04-04 22:46:37,
abe6962c-eaec-48ab-9c33-00e0f5fca0bf,dbafc4a3-e770-4006-85e4-4280659f17f6,2b6797a7-4a47-4675-831e-4df4aaa1f557,DIKONFIMASI,Pengajuan Kur telah Dikonfirmasi oleh ugm.,2023-09-22 22:45:58,2023-09-22 22:45:58,
ac146177-05ab-448e-8de3-4efbe028247b,381793b8-9501-440e-8712-b090b2bda717,58354262-a9bb-42b1-a7c2-4fa7cd98a42f,DITOLAK,Pengajuan Kur Ditolak Dengan Alasan usaha ybs masih menerima KUR an. orang tua oleh Raja David P.,2023-09-12 09:42:08,2023-09-12 09:42:08,
ac29f4dd-02c1-44c4-bcb1-dd82a5ed1f97,f3483024-d6c9-4577-a81f-c6a1bbcf2dac,2af7aa8d-8eed-49be-aee4-ce264b075a7b,DIKONFIMASI,Pengajuan Kur telah Dikonfirmasi oleh Panji Ario Sancoko.,2022-07-28 14:04:05,2022-07-28 14:04:05,
ac70c4b0-b5eb-46c6-b337-40b2e06e3abc,66fa4364-643b-4bd9-83d2-4ad0a18576bb,ae1f4a3d-ae77-42bf-a79b-f3786142a2f2,DISETUJUI,Pengajuan Kur Disetujui Dengan Plafond Yang Diterima Rp.500.000.000 oleh Christina Rini A.,2022-01-28 10:05:18,2022-01-28 10:05:18,
ac9e5089-5204-4822-9900-98c977f9770f,f4e463bf-638d-483d-ae6f-e989304fd67a,52366ee5-88c3-4362-8fe6-e31513e11cc9,DIAJUKAN,Pengajuan Kur Diajukan,2022-06-08 10:44:47,2022-06-08 10:44:47,
ad49cc8e-0116-424e-9a89-f4bacbbc6d48,4a1ab484-c441-43ae-82ee-a418502b7ee5,ad0c655b-312d-45c9-aad6-84669c784ed6,DIAJUKAN,Pengajuan Kur Diajukan,2022-12-26 11:08:40,2022-12-26 11:08:40,
ad8776ed-69fe-4c2b-b882-dde95274afe7,a5129da5-1b62-4bdc-8520-22366339bf4a,fbff5559-7e12-4187-a8e8-92e6050ee5df,DISETUJUI,Pengajuan Kur Disetujui Dengan Plafond Yang Diterima Rp.400.000.000 oleh Henoch Tri Atmojo.,2022-01-27 18:35:42,2022-01-27 18:35:42,
adb0f91c-b48e-4509-81fb-f1103d6bad4a,86559157-0ac0-4f21-a1db-43205b3661e2,92beea04-4e0d-4c48-9294-19baa9b5a4a4,DIAJUKAN,Pengajuan Kur Diajukan,2022-02-02 10:41:46,2022-02-02 10:41:46,
adf2a168-e465-42cb-af68-026c51ae7aef,3a0f9276-3994-4385-b151-31c10dfd0347,d33b3ebf-d98b-425e-a701-600a01cbcb3c,DITOLAK,"Pengajuan Kur Ditolak Dengan Alasan Nasabah belum jadi pengajuan
kemungkinan tahun depan oleh Andree Caesario Wijaya.",2022-12-09 10:29:22,2022-12-09 10:29:22,
af052b8f-7482-4a07-bf04-42a2ad03ad33,764fc7f4-9498-4191-bcf9-5441b2d46fe2,d260d195-c977-450a-bcc2-6ec65d18ee64,DISETUJUI,Pengajuan Kur Disetujui Dengan Plafond Yang Diterima Rp.101.000.000 oleh Dhiah Oktarinda R.,2022-01-28 17:51:17,2022-01-28 17:51:17,
b0df6cb0-bcb9-466a-b160-b75115f6dcd8,3b59aa7c-0330-4302-99d7-211c40bab607,d9dfe11e-bd3e-4ec4-971d-169af59e3000,DISETUJUI,Pengajuan Kur Disetujui Dengan Plafond Yang Diterima Rp.50.000.000 oleh ADIB WIJAYANTA.,2022-01-28 17:55:19,2022-01-28 17:55:19,
b0ffee18-6132-4e3f-932e-015aba5bc3e3,32581116-6c48-4be4-9da2-acd79c7e4bee,"017bad39-c4b5-4499-8467-65b4ce6ae96c",DIKONFIMASI,Pengajuan Kur telah Dikonfirmasi oleh Erna Widyastuti.,2022-09-06 11:38:52,2022-09-06 11:38:52,
b1254a2d-12f4-4244-b835-e513c0d0fbb2,2234c436-3031-462b-8daf-31e58a8ae293,54a42396-86cd-4bba-87ff-c3e9b52f5486,DIAJUKAN,Pengajuan Kur Diajukan,2023-03-25 06:01:23,2023-03-25 06:01:23,
b1380205-926b-454d-8f82-e5253538ff90,29168104-962f-4706-b783-57314d990e2d,f27d6c4f-272f-48b5-a180-3f4fcd83bb2f,DIAJUKAN,Pengajuan Kur Diajukan,2023-03-04 16:18:31,2023-03-04 16:18:31,
b177925f-079e-4f5f-8cf1-6ede9ac67d11,a2b8cce0-1eb2-4adf-8c5c-16c8600e2532,a9f733a2-99a1-4f05-9509-92071fa742ee,DIAJUKAN,Pengajuan Kur Diajukan,2023-10-06 13:20:26,2023-10-06 13:20:26,
b1ed1401-ba1a-4994-a5e7-6a09a53cf2d6,a83f7134-3f8f-47c0-a3cb-ef14d69b62e6,bac494ef-9077-48e7-acde-b054347c8f4f,DIAJUKAN,Pengajuan Kur Diajukan,2023-06-16 09:37:40,2023-06-16 09:37:40,
b269040b-4390-4a46-8d7f-369a3aeddf9e,b441f94c-3360-4b59-a158-e8f24cff8776,de7ddc32-4d32-40bd-9665-38ba03b7091b,DIAJUKAN,Pengajuan Kur Diajukan,2023-09-15 14:50:18,2023-09-15 14:50:18,
b2825983-de2d-4da4-ad7b-3976327e3c05,b5553984-3ae9-4067-b40f-12a706726dac,"017bad39-c4b5-4499-8467-65b4ce6ae96c",DITOLAK,Pengajuan Kur Ditolak Dengan Alasan coba coba oleh Erna Widyastuti.,2023-05-15 13:23:36,2023-05-15 13:23:36,
b3f161e6-843d-43cd-a10c-f6e89dfba349,58c35c26-6ec0-41a9-a41e-87cdea74adda,370c1085-8d1e-4648-92f7-babbeae35334,DIALIHKAN,Pengajuan Kur Dialihkan Ke Sub Admin oleh adminbankbca.,2023-09-30 12:35:16,2023-09-30 12:35:16,
b3f6bb26-5292-41ed-889b-95358fd642a2,16d94441-3463-4d05-b0d5-3f18e5997d5a,c16dcf1b-9a30-477c-a562-bbbede882507,DIAJUKAN,Pengajuan Kur Diajukan,2022-01-27 18:48:30,2022-01-27 18:48:30,
b4af3b0a-f460-4bdd-88fd-f2d599e25cae,2ae0e044-8781-4dc5-bb67-ceabb81c24e5,1b3651f5-5616-4636-b9dc-ccd93750b6db,DISETUJUI,Pengajuan Kur Disetujui Dengan Plafond Yang Diterima Rp.25.000.000 oleh Hakiki Radhietyawati.,2022-06-14 17:35:29,2022-06-14 17:35:29,
b5aef64b-0cc0-4883-8bfb-76f4fa6e344c,f4e463bf-638d-483d-ae6f-e989304fd67a,d33b3ebf-d98b-425e-a701-600a01cbcb3c,DIKONFIMASI,Pengajuan Kur telah Dikonfirmasi oleh Andree Caesario Wijaya.,2022-06-10 10:00:42,2022-06-10 10:00:42,
b612a086-8a06-4f05-b754-788cf3cf1b5c,c8804399-f536-4061-9916-abe9b937e4fe,d40b3911-97f0-4501-af4c-e2083340f451,DIAJUKAN,Pengajuan Kur Diajukan,2022-12-20 23:09:27,2022-12-20 23:09:27,
b655427e-18e1-473e-aaec-d18545daf19d,44bb71cf-8516-408f-a052-7b36e7455ad9,fae27a6f-1e0d-4a13-81a6-32be9eab13a2,DIAJUKAN,Pengajuan Kur Diajukan,2022-04-12 08:36:53,2022-04-12 08:36:53,
b66a1c68-e8b0-44b7-864f-63d2ed9b45e2,30ba77c7-f74f-4144-be29-94ac1baf25cb,58354262-a9bb-42b1-a7c2-4fa7cd98a42f,DIKONFIMASI,Pengajuan Kur telah Dikonfirmasi oleh Raja David P.,2023-06-24 11:46:03,2023-06-24 11:46:03,
b6b17067-7a2f-42cd-af94-eb19b6b9edb9,83c519e1-507d-4f0b-be05-4467bb895d69,1a2b77b5-2378-47a3-8b13-de0c911a66e1,DIALIHKAN,Pengajuan Kur Dialihkan Ke Sub Admin oleh AdminBRI.,2023-12-25 17:12:11,2023-12-25 17:12:11,
b6eedd1c-9d3a-43dd-a4fc-556a9a793890,147a9919-d9f7-453d-b312-f3e0a13667e1,1b3651f5-5616-4636-b9dc-ccd93750b6db,DIKONFIMASI,Pengajuan Kur telah Dikonfirmasi oleh Hakiki Radhietyawati.,2022-09-06 12:14:21,2022-09-06 12:14:21,
b78f27cb-8cb3-417d-9aa4-0a46a9edf00c,dbafc4a3-e770-4006-85e4-4280659f17f6,2b6797a7-4a47-4675-831e-4df4aaa1f557,DIKONFIMASI,Pengajuan Kur telah Dikonfirmasi oleh ugm.,2023-09-22 22:46:02,2023-09-22 22:46:02,
b7e67d99-a34b-4c3e-8032-ad7e9fec7254,"089e1310-9491-4fa1-a9f8-3f1430d64fa1",d33b3ebf-d98b-425e-a701-600a01cbcb3c,DIKONFIMASI,Pengajuan Kur telah Dikonfirmasi oleh Andree Caesario Wijaya.,2023-04-04 14:12:06,2023-04-04 14:12:06,
b83943a2-bcd4-46c8-941d-9e4dfd75f21f,ac4a66c5-8d44-49fe-aef3-f6312b60e9f1,e19debf2-4db4-4d30-99a9-205f87616128,DIAJUKAN,Pengajuan Kur Diajukan,2023-12-30 08:52:38,2023-12-30 08:52:38,
b8af47dc-dc5d-4bca-9a12-fc33aa088be3,b0e056c2-3125-442e-9cf2-ecfec8113724,ccb90492-4b24-4a61-b8a3-39ad5e8e83ec,DIAJUKAN,Pengajuan Kur Diajukan,2022-12-06 10:40:18,2022-12-06 10:40:18,
b8ce4cc5-f76d-4057-824e-2b07afdc1a17,b07ed180-d500-44cc-84ed-d921bcf5f2fa,"017bad39-c4b5-4499-8467-65b4ce6ae96c",DIKONFIMASI,Pengajuan Kur telah Dikonfirmasi oleh Erna Widyastuti.,2022-01-28 15:38:33,2022-01-28 15:38:33,
b8dcda55-78e7-44bb-8476-606ecc30c17d,6b24449c-9505-40fe-b25b-39c3ad46dc1e,d37a0276-16ea-41a5-a2be-ad23c18d7477,DIAJUKAN,Pengajuan Kur Diajukan,2023-09-21 21:24:28,2023-09-21 21:24:28,
b8f1f721-a080-4a6d-b9b8-09eca631b8d1,764fc7f4-9498-4191-bcf9-5441b2d46fe2,d260d195-c977-450a-bcc2-6ec65d18ee64,DISETUJUI,Pengajuan Kur Disetujui Dengan Plafond Yang Diterima Rp.101.000.000 oleh Dhiah Oktarinda R.,2022-01-28 17:51:21,2022-01-28 17:51:21,
b921908c-3de9-44f8-b03e-b04a142b118e,1a952e0d-59de-45b2-8d89-040a4929b928,7ca9254e-0116-4e64-a5d8-6445f793d2d1,DIALIHKAN,Pengajuan Kur Dialihkan Ke Sub Admin oleh R.Haryo Tutuko.,2022-01-27 09:51:54,2022-01-27 09:51:54,
b9358871-d353-4bc1-a500-5a4c3a411cdd,f74b74fa-1aa3-4678-a85b-d3281bf4f721,f0b6c6a8-ec55-4d4e-bb2e-6d7836fc0ae3,DIAJUKAN,Pengajuan Kur Diajukan,2022-01-31 19:23:48,2022-01-31 19:23:48,
b9e7ff0c-3705-4855-a68f-baec0d2e8e72,7f233b34-8fec-4dc9-87df-891bd3696257,"017bad39-c4b5-4499-8467-65b4ce6ae96c",DIKONFIMASI,Pengajuan Kur telah Dikonfirmasi oleh Erna Widyastuti.,2022-09-06 11:41:34,2022-09-06 11:41:34,
ba258132-4444-4217-b0e9-e83827a3fd50,13e1cc81-f8c6-4f4b-86e0-8ab7e5036863,33abe4d7-f399-43d4-8304-3087a2d84610,DIAJUKAN,Pengajuan Kur Diajukan,2022-01-27 16:35:55,2022-01-27 16:35:55,
bacbb7a1-1451-403a-8566-b48f7c720f72,381793b8-9501-440e-8712-b090b2bda717,"01e0378d-df89-46f0-823d-5767a0fd4ef2",DIAJUKAN,Pengajuan Kur Diajukan,2022-11-13 15:21:15,2022-11-13 15:21:15,
bb0edee7-b6c3-4e11-b234-ca6ce468edf6,734774c2-3874-4707-b7bf-755fdae4079e,1a2b77b5-2378-47a3-8b13-de0c911a66e1,DIKONFIMASI,Pengajuan Kur telah Dikonfirmasi oleh AdminBRI.,2023-12-21 18:44:24,2023-12-21 18:44:24,
bb33a527-7a29-449e-adf2-afe524eaafec,b07ed180-d500-44cc-84ed-d921bcf5f2fa,"017bad39-c4b5-4499-8467-65b4ce6ae96c",DIALIHKAN,Pengajuan Kur Dialihkan Ke Sub Admin oleh Erna Widyastuti.,2022-01-28 18:30:32,2022-01-28 18:30:32,
bb41e6cf-44c7-43ef-a02c-f69a8ee9c48d,27e7fa95-d8d3-44ae-9012-41803cb9042d,e93f3bd2-f131-4efb-aa40-601f4027642c,DIAJUKAN,Pengajuan Kur Diajukan,2023-10-23 19:01:45,2023-10-23 19:01:45,
bba3647f-f44a-4299-8ccd-a1a81ce42c27,"0a03ff61-6a3a-4ff3-9a03-24d1ac9a8417",2af7aa8d-8eed-49be-aee4-ce264b075a7b,DISETUJUI,Pengajuan Kur Disetujui Dengan Plafond Yang Diterima Rp.250.000.000 oleh Panji Ario Sancoko.,2022-08-26 16:17:59,2022-08-26 16:17:59,
bc361169-1cb8-4d5d-8cd3-5444661cc6cb,a841e498-3fc8-493e-a5fc-439226e078a7,cfc00cf5-f012-4a4b-8c59-6e8f69e1ea84,DIAJUKAN,Pengajuan Kur Diajukan,2022-01-26 16:17:10,2022-01-26 16:17:10,
bc632963-a9c0-466e-859f-7e5a02dc0286,571d62cc-ffaa-45f6-b494-cd9450b27fdd,6c13ed0f-2b42-4ec0-97cd-c725af8bd798,DIAJUKAN,Pengajuan Kur Diajukan,2022-01-31 18:40:54,2022-01-31 18:40:54,
bc64ed76-b985-4b21-8b2f-bd95f596c8a7,1fb62e81-0339-410e-8a4b-66ee9efae613,1b40042e-5bd1-4205-a7fd-296b89a54cae,DIAJUKAN,Pengajuan Kur Diajukan,2023-03-25 05:54:03,2023-03-25 05:54:03,
bd0aef7c-4c72-49a3-98b7-75f0c33bb8ad,e71e5568-6f66-4c71-8873-1ae9da16ec1d,b49689b8-fcfa-466c-8cfb-2f0b3c0e1706,DIAJUKAN,Pengajuan Kur Diajukan,2024-01-18 19:46:22,2024-01-18 19:46:22,
bd3e0252-bcf1-468e-a478-1c4ed3012964,4a8278cf-909f-4b06-be77-63e86b0d1a89,3015561c-7bdc-42f3-9bfc-81fc28e048c5,DIAJUKAN,Pengajuan Kur Diajukan,2022-05-09 19:29:53,2022-05-09 19:29:53,
bde26a2a-8182-4627-90fe-ac0a0d5d8783,b9c52deb-37b9-4a9b-b402-7d0826adda96,"017bad39-c4b5-4499-8467-65b4ce6ae96c",DIKONFIMASI,Pengajuan Kur telah Dikonfirmasi oleh Erna Widyastuti.,2023-10-04 08:58:36,2023-10-04 08:58:36,
be5886ed-374c-4847-9710-4a5e0d05c751,d8ff80f7-9dba-4b6b-91ad-928dc91ac656,"017bad39-c4b5-4499-8467-65b4ce6ae96c",DIKONFIMASI,Pengajuan Kur telah Dikonfirmasi oleh Erna Widyastuti.,2022-04-05 09:36:01,2022-04-05 09:36:01,
be79c8d8-df86-4e31-a1b6-a7aabc8ae0a9,6e79c2c9-f7cf-4f00-8d6a-10fd6ab05207,f387dca7-6c7b-419e-abba-c360f92c7ffb,DIAJUKAN,Pengajuan Kur Diajukan,2023-08-05 15:34:27,2023-08-05 15:34:27,
bf66efb2-4b50-439c-b597-ca04397d7031,f5081232-e380-4d22-adf1-f2fa64adc608,c265def2-9ba1-4638-bcfc-c4e67a41d1f0,DIKONFIMASI,Pengajuan Kur telah Dikonfirmasi oleh Susanto.,2022-01-31 11:32:02,2022-01-31 11:32:02,
bf9b214c-6e9e-4ff3-90fe-7bed0642399d,d3c03d49-ef94-44f5-9d73-8d4a29f1b70a,2357b66e-4eea-4940-88ea-92070d1df041,DISETUJUI,Pengajuan Kur Disetujui Dengan Plafond Yang Diterima Rp.10.000.000 oleh Nazula Elva.,2022-02-11 10:45:34,2022-02-11 10:45:34,
c02f4492-8678-494d-8b08-4157aa7ee8be,147a9919-d9f7-453d-b312-f3e0a13667e1,1b3651f5-5616-4636-b9dc-ccd93750b6db,DIKONFIMASI,Pengajuan Kur telah Dikonfirmasi oleh Hakiki Radhietyawati.,2022-09-06 12:14:18,2022-09-06 12:14:18,
c103ff83-c5a8-4401-92d0-92d416b81cda,e5791dfe-ff29-4a19-9349-0d85c8b14714,37780a50-7250-4925-85b0-f11748ac514d,DIAJUKAN,Pengajuan Kur Diajukan,2023-08-05 14:54:45,2023-08-05 14:54:45,
c12e56ea-810b-44f7-b816-1f60c777e6c4,f4e463bf-638d-483d-ae6f-e989304fd67a,d33b3ebf-d98b-425e-a701-600a01cbcb3c,DIKONFIMASI,Pengajuan Kur telah Dikonfirmasi oleh Andree Caesario Wijaya.,2022-06-10 10:00:36,2022-06-10 10:00:36,
c2ccb818-4072-4908-8a6a-76f5e54923ce,58eb997e-74f5-4fa4-aa16-cfd46b08b88c,96f99263-c9e0-4bc2-8fc8-6d2202f227be,DIAJUKAN,Pengajuan Kur Diajukan,2022-08-01 12:11:14,2022-08-01 12:11:14,
c31b5f27-2a63-40b2-b9f2-fa62cd4f22ee,d373ce4d-d47c-4eec-bf8c-7552fc84e4a0,4d83a1d7-f547-4866-8d53-6668221d2c6b,DIKONFIMASI,Pengajuan Kur telah Dikonfirmasi oleh BCA Admin.,2022-06-17 17:17:25,2022-06-17 17:17:25,
c33fab3b-cfdb-4c52-a16a-ed1ea82db9ad,6f12e2e5-bcd9-4cfa-9f6f-b4bbd68f459d,"017bad39-c4b5-4499-8467-65b4ce6ae96c",DISETUJUI,Pengajuan Kur Disetujui Dengan Plafond Yang Diterima Rp.150.000.000 oleh Erna Widyastuti.,2023-05-15 13:12:43,2023-05-15 13:12:43,
c3457da5-4b2d-4310-b5d4-9d87ce8efad5,92c3737a-0bab-4dd0-a848-42274070f57d,73c786c3-59c9-4406-bf34-cc0e6c1fe18b,DIAJUKAN,Pengajuan Kur Diajukan,2023-01-10 16:53:15,2023-01-10 16:53:15,
c388dc3d-c9f6-49c5-9cfc-9bce426363b2,9f5565f6-c8cf-44b4-8c9e-46c5ab8b11d1,1b3651f5-5616-4636-b9dc-ccd93750b6db,DITOLAK,Pengajuan Kur Ditolak Dengan Alasan punya pinjaman kemitraan 10 juta oleh Hakiki Radhietyawati.,2022-06-14 16:25:08,2022-06-14 16:25:08,
c422aa4d-7e0f-41d3-85fa-6fc62d576988,70db0885-5439-4ff9-8441-1a5b48080bc2,3c41fec8-944b-491f-b13a-cbc429685dc3,DIAJUKAN,Pengajuan Kur Diajukan,2022-02-01 10:07:26,2022-02-01 10:07:26,
c506481e-e221-49bd-b5c3-be1e6092b012,652b7ca4-cf12-4a76-9ef6-e54a66b80cb0,3beca083-df9d-42b1-8626-e1ca87b9d6a9,DIAJUKAN,Pengajuan Kur Diajukan,2023-04-13 00:24:13,2023-04-13 00:24:13,
c5f82629-71ea-41a1-8236-c0f2c25db70b,e5e4d93c-1972-475b-8a69-780554706491,cac1f8b0-6def-455b-b373-ed91bbee5b00,DIAJUKAN,Pengajuan Kur Diajukan,2022-01-27 20:44:39,2022-01-27 20:44:39,
c68ff2a7-8c57-438e-a7a4-39bd2b1d7840,27e3f2f0-6efd-43bb-8460-40e102f0bc48,21b1fd56-e7e1-44df-a627-ff990dede47c,DIAJUKAN,Pengajuan Kur Diajukan,2023-03-31 12:23:43,2023-03-31 12:23:43,
c6bbf032-f63b-40f0-b924-33a232738d8f,5eb0758b-99e9-4e9f-9282-264f6d5dbcac,a75486fb-1c43-44b6-b0ec-4cfdb8be73c5,DIAJUKAN,Pengajuan Kur Diajukan,2023-02-05 18:38:58,2023-02-05 18:38:58,
c6ccc2b4-0e7f-4b27-aafa-e0df8172315c,b07ed180-d500-44cc-84ed-d921bcf5f2fa,2357b66e-4eea-4940-88ea-92070d1df041,DISETUJUI,Pengajuan Kur Disetujui Dengan Plafond Yang Diterima Rp.300.000.000 oleh Nazula Elva.,2022-02-11 10:39:24,2022-02-11 10:39:24,
c708e74a-9ead-47e0-8ec5-aeba71425195,93a75eae-bf51-424c-ae5f-18437f36537c,7ca9254e-0116-4e64-a5d8-6445f793d2d1,DIALIHKAN,Pengajuan Kur Dialihkan Ke Sub Admin oleh R.Haryo Tutuko.,2022-01-26 15:57:35,2022-01-26 15:57:35,
c73a0d56-d5c2-4b84-a675-38cebdac873e,a0c445d1-3506-49e1-a410-eb570f3881ea,8197d42d-c993-40d1-b8b0-1793ee64c96e,DIAJUKAN,Pengajuan Kur Diajukan,2023-08-07 16:34:02,2023-08-07 16:34:02,
c7701f86-33ad-44da-bb81-c8a9d259b61f,b7daf0ab-9677-4a80-971e-f6ac47f4cd7d,1f0e1f83-768e-4f77-9786-63cc447c144b,DIKONFIMASI,Pengajuan Kur telah Dikonfirmasi oleh Hesti Purnawati.,2022-11-22 17:30:06,2022-11-22 17:30:06,
c799f8dd-b176-4d7e-9d7c-79141ee75893,6308f46d-7bdc-4d97-8144-cdb9cfcf64ae,2af7aa8d-8eed-49be-aee4-ce264b075a7b,DIKONFIMASI,Pengajuan Kur telah Dikonfirmasi oleh Panji Ario Sancoko.,2022-09-20 16:59:54,2022-09-20 16:59:54,
c7d3515b-228d-4943-a167-6255b5ebc50c,3a0f9276-3994-4385-b151-31c10dfd0347,d33b3ebf-d98b-425e-a701-600a01cbcb3c,DIKONFIMASI,Pengajuan Kur telah Dikonfirmasi oleh Andree Caesario Wijaya.,2022-12-09 10:28:19,2022-12-09 10:28:19,
c8a2c6cf-ad31-4b8f-8554-5e22c2c1f53c,30a00475-2b5e-4574-8a45-8c8a4824e801,26e3439f-5128-466c-b814-be867593205c,DIAJUKAN,Pengajuan Kur Diajukan,2023-09-14 11:14:27,2023-09-14 11:14:27,
c9b8e68d-cb6b-4498-863d-decedd8ced56,58eb997e-74f5-4fa4-aa16-cfd46b08b88c,2af7aa8d-8eed-49be-aee4-ce264b075a7b,DIKONFIMASI,Pengajuan Kur telah Dikonfirmasi oleh Panji Ario Sancoko.,2022-08-01 12:17:11,2022-08-01 12:17:11,
c9b91658-6897-43fe-908b-11ed5f106036,c2b961e2-3a52-4d60-a098-3b8a9c32bcd9,cb989a92-c0bf-40b0-9a6b-9ce72daf886f,DIKONFIMASI,Pengajuan Kur telah Dikonfirmasi oleh Jaya Anggara - admin Utama.,2022-01-13 15:20:30,2022-01-13 15:20:30,
c9c1b393-46d7-40ec-b015-acf82944d069,734774c2-3874-4707-b7bf-755fdae4079e,2be64700-e095-47c7-8762-26efa5b459a9,DIAJUKAN,Pengajuan Kur Diajukan,2023-08-05 13:05:06,2023-08-05 13:05:06,
c9c9ac2a-e58f-43e8-b45b-a2474a993beb,f7ec2bac-9cb8-4fe4-aaa7-accb634b9dde,aa758eed-fbac-4ffc-bd8a-28c09ec0ce2e,DIKONFIMASI,Pengajuan Kur telah Dikonfirmasi oleh Asri.,2023-10-27 11:29:22,2023-10-27 11:29:22,
caa68a4f-68d8-4d2c-ab72-baaeb6ed3e7d,41afed7b-ad34-4c1b-ab03-23e9c8f652d6,b22d8174-dc01-4552-b74d-47b5c54255a7,DIAJUKAN,Pengajuan Kur Diajukan,2023-09-06 20:50:35,2023-09-06 20:50:35,
cbd1c376-5889-4605-8efd-82d763af89a8,da4248e3-1582-4d1c-99b1-47523c6c93c2,33284d11-e75d-4f97-a1c2-238bba609017,DIAJUKAN,Pengajuan Kur Diajukan,2022-10-14 11:48:20,2022-10-14 11:48:20,
cbf57fd0-47b9-4bdb-a52f-b650c36a6f7e,3fe0c783-a230-4ae9-aea6-f02a978bad51,1b3651f5-5616-4636-b9dc-ccd93750b6db,DIKONFIMASI,Pengajuan Kur telah Dikonfirmasi oleh Hakiki Radhietyawati.,2023-02-08 10:25:21,2023-02-08 10:25:21,
cc35eed0-d766-48f8-87a1-7d6e586bbd2b,b8a34346-d120-489b-8f7a-995193f6cfd5,"017bad39-c4b5-4499-8467-65b4ce6ae96c",DIKONFIMASI,Pengajuan Kur telah Dikonfirmasi oleh Erna Widyastuti.,2022-01-31 21:07:11,2022-01-31 21:07:11,
cc77d06e-5558-47af-ac9c-517f98e7f017,5b738c5a-f638-4fe4-a958-c01eb91ddfb4,38f0d270-0c3c-49db-b912-ee97d6c9718b,DIAJUKAN,Pengajuan Kur Diajukan,2023-10-23 22:18:38,2023-10-23 22:18:38,
cc810e0e-78a3-42b9-b9a8-b14f2da278a0,5bc37823-7e77-4070-b63a-8534ad06143d,6c1c27b5-d6b8-46c7-9240-54e00b9d2da8,DIAJUKAN,Pengajuan Kur Diajukan,2023-10-25 11:25:37,2023-10-25 11:25:37,
cc8f48bc-8120-4672-8232-662c3df99f26,74ced1d6-2543-431d-8e23-be9feba9635d,"055f4d87-1b97-4e47-b025-7d600e8a06b7",DIAJUKAN,Pengajuan Kur Diajukan,2022-07-06 12:20:00,2022-07-06 12:20:00,
cd57e39f-44c9-45d3-b4f0-1ab64aba4299,32bd382f-16bf-4d28-85f4-bc1c7c6b8a38,1a2b77b5-2378-47a3-8b13-de0c911a66e1,DIALIHKAN,Pengajuan Kur Dialihkan Ke Sub Admin oleh AdminBRI.,2022-07-12 12:47:24,2022-07-12 12:47:24,
cd7a8d2d-77d0-4c4d-8921-5c290ea7eccb,764fc7f4-9498-4191-bcf9-5441b2d46fe2,97f492fd-9a62-47d3-a65d-69ba529dcf1c,DIALIHKAN,Pengajuan Kur Dialihkan Ke Sub Admin oleh Ika Purnamasari.,2022-01-28 17:39:25,2022-01-28 17:39:25,
ce9b6ba5-7164-4aff-b43f-368ebbc81dd3,7d41bd9b-e86e-4f6f-a34f-a20d6df8f2b2,907ff462-1e15-4981-b339-84fcc8333b41,DIAJUKAN,Pengajuan Kur Diajukan,2023-08-23 15:48:58,2023-08-23 15:48:58,
cf8def5a-3391-41cd-b3a3-6c9c56c93283,f66ab59e-053c-457c-96cc-164aeb7aed6e,7b1d87ac-8123-42e7-bbf6-e2d080e53404,DIAJUKAN,Pengajuan Kur Diajukan,2022-12-24 17:29:03,2022-12-24 17:29:03,
cfe0e2cd-4c0a-467a-ae6d-b9b72f549303,c33fff83-cfd8-4808-9628-296c0aa73e1f,45a68862-ad91-47b1-8155-67a3bb97af26,DIAJUKAN,Pengajuan Kur Diajukan,2023-03-03 18:18:44,2023-03-03 18:18:44,
d04d591b-d6f1-421e-a62c-da8aa88f296c,d1752810-bdd0-4d02-ac6f-3a409aa6d86f,37096e2c-f8ba-4378-bd53-1378472f591c,DIKONFIMASI,Pengajuan Kur telah Dikonfirmasi oleh Sudarsono.,2022-01-27 11:35:18,2022-01-27 11:35:18,
d1206a9f-e7dd-43b2-b6a0-42da6e723714,24e5f775-7dd3-4c87-93bf-11fbe03436fa,696e1978-b8cf-4f70-a9fa-04d17d8189a0,DIAJUKAN,Pengajuan Kur Diajukan,2023-08-06 20:25:05,2023-08-06 20:25:05,
d19fda07-5701-4f07-b862-3fe0851482ac,6d1db40b-8ae9-4511-86d5-78a96891d027,4b4a58e5-f6b7-40c3-b127-25d7ad813571,DIAJUKAN,Pengajuan Kur Diajukan,2022-01-31 20:50:13,2022-01-31 20:50:13,
d1d16bf3-7f03-4613-b96c-88458178e423,74b501db-4a11-42d2-a74a-1d32076ddc01,ec61080b-0a2b-4bc8-b37f-06cd8d9e7ba7,DIKONFIMASI,Pengajuan Kur telah Dikonfirmasi oleh Taufan Agustama.,2023-08-23 17:57:52,2023-08-23 17:57:52,
d28ad632-c5e2-493e-9cb1-47eb5a0f124e,fcb7f55a-b67a-4d14-901d-a36105b4e63b,deb31047-e0dd-4289-993d-9505483aa4f7,DIAJUKAN,Pengajuan Kur Diajukan,2023-02-11 19:46:17,2023-02-11 19:46:17,
d2986007-12f7-461f-9d60-bd08b370a795,3fe0c783-a230-4ae9-aea6-f02a978bad51,1b3651f5-5616-4636-b9dc-ccd93750b6db,DIKONFIMASI,Pengajuan Kur telah Dikonfirmasi oleh Hakiki Radhietyawati.,2023-02-08 10:25:24,2023-02-08 10:25:24,
d29d718c-df98-4476-bfd7-795cd47ab3aa,1367fb11-06b0-438f-9d71-44ad63373885,a1d69201-3e73-4aa3-acc4-470c91580cab,DIAJUKAN,Pengajuan Kur Diajukan,2023-02-28 19:39:02,2023-02-28 19:39:02,
d2acc672-0dee-4b3e-b3d6-308faf12f73c,ac2a7ae5-3345-46e4-8bd6-10b45c7d84f2,1b3651f5-5616-4636-b9dc-ccd93750b6db,DIKONFIMASI,Pengajuan Kur telah Dikonfirmasi oleh Hakiki Radhietyawati.,2022-06-13 20:00:40,2022-06-13 20:00:40,
d2d6f6e8-ba40-4623-b2f9-5cd42a431a0a,bd7e6b8f-0192-4752-a1e1-d86e17708705,7ca9254e-0116-4e64-a5d8-6445f793d2d1,DIALIHKAN,Pengajuan Kur Dialihkan Ke Sub Admin oleh R.Haryo Tutuko.,2022-01-27 11:25:05,2022-01-27 11:25:05,
d3508bc8-39d6-4441-a8a9-87452b28b39e,"0a03ff61-6a3a-4ff3-9a03-24d1ac9a8417",2af7aa8d-8eed-49be-aee4-ce264b075a7b,DIKONFIMASI,Pengajuan Kur telah Dikonfirmasi oleh Panji Ario Sancoko.,2022-08-26 16:17:37,2022-08-26 16:17:37,
d3982eb8-7a53-4314-8d5d-eeb565a24152,7a19933f-a1fa-4bc9-a327-4abd8f2635ce,9dd332dd-d7c3-45fc-8b83-549a1c6d0a3c,DIAJUKAN,Pengajuan Kur Diajukan,2022-12-26 11:43:18,2022-12-26 11:43:18,
d3aa88de-fceb-4499-8243-893de5eebad7,af0ea3ef-a9b9-4348-8a6a-7b2433314169,"099203db-a0c1-4bba-a391-1da775e50e7a",DITOLAK,Pengajuan Kur Ditolak Dengan Alasan secara bank tekhnis belum dapat mendapatkan fasilitas kredit oleh Pandu kuncoro.,2022-12-05 10:01:10,2022-12-05 10:01:10,
d3fc026e-71c1-4aea-8934-33860d82cfc4,d52a1263-74b9-4b59-a608-e66e316dcb23,be09ec6a-d3cb-4b17-983a-b0e22a2c926c,DIAJUKAN,Pengajuan Kur Diajukan,2022-12-05 03:09:56,2022-12-05 03:09:56,
d4c5742f-2eb4-4505-b42e-a33aace87e13,c5f0cee0-7985-4c00-90dc-81e57ea89ac3,1b3651f5-5616-4636-b9dc-ccd93750b6db,DIKONFIMASI,Pengajuan Kur telah Dikonfirmasi oleh Hakiki Radhietyawati.,2022-06-13 20:06:02,2022-06-13 20:06:02,
d4cd0e9b-6fb2-4c3f-b381-6e6e102aaae0,571d62cc-ffaa-45f6-b494-cd9450b27fdd,1b3651f5-5616-4636-b9dc-ccd93750b6db,DISETUJUI,Pengajuan Kur Disetujui Dengan Plafond Yang Diterima Rp.50.000.000 oleh Hakiki Radhietyawati.,2022-06-14 16:15:13,2022-06-14 16:15:13,
d4e83a31-ddcc-4776-a4fc-80ca4f8e9d8f,dddeab99-795b-4f18-8666-f7024fe02426,f18566ec-30c2-40d7-9e6a-21235a8f3d4f,DIAJUKAN,Pengajuan Kur Diajukan,2023-07-04 13:09:40,2023-07-04 13:09:40,
d4ee4f42-c098-4c6d-8fcd-9513e3064c9d,56f7e643-24c3-432e-bcb9-9aaf38c3dfbb,7ca9254e-0116-4e64-a5d8-6445f793d2d1,DIKONFIMASI,Pengajuan Kur telah Dikonfirmasi oleh R.Haryo Tutuko.,2022-01-26 16:41:28,2022-01-26 16:41:28,
d5808961-49ca-4c8a-97da-249f2a040a46,"0838dcde-6a29-4eda-b1d3-8586190ed62a",1b3651f5-5616-4636-b9dc-ccd93750b6db,DIKONFIMASI,Pengajuan Kur telah Dikonfirmasi oleh Hakiki Radhietyawati.,2022-06-13 20:02:09,2022-06-13 20:02:09,
d5e8e559-569d-4061-a9df-7334a9b6f72e,df3ec108-b318-4a1e-a455-0281d6a3c68a,d963d953-67af-4976-9969-b9e30e782a21,DITOLAK,Pengajuan Kur Ditolak Dengan Alasan  oleh Kur BCA.,2023-04-06 12:50:32,2023-04-06 12:50:32,
d61a2fe6-88f7-43c0-90de-8147718c66d3,9f5565f6-c8cf-44b4-8c9e-46c5ab8b11d1,aedd1aec-245a-4ced-a443-aa8e4f5ee7aa,DIAJUKAN,Pengajuan Kur Diajukan,2022-04-12 13:41:52,2022-04-12 13:41:52,
d7997b62-fe64-4541-8d91-1db88e949e33,4a1ab484-c441-43ae-82ee-a418502b7ee5,58354262-a9bb-42b1-a7c2-4fa7cd98a42f,DIKONFIMASI,Pengajuan Kur telah Dikonfirmasi oleh Raja David P.,2023-06-24 11:42:43,2023-06-24 11:42:43,
d7de334b-40e8-4208-b73c-1e335773b09a,b0e7392b-8d2e-4e27-8cc3-9b00edf5ba97,3015561c-7bdc-42f3-9bfc-81fc28e048c5,DIAJUKAN,Pengajuan Kur Diajukan,2022-07-12 11:45:06,2022-07-12 11:45:06,
d7ff4ddf-9ab5-4806-9668-d15467ca9881,36354081-e5b7-4584-8d68-698f157f2bcd,17d8e830-b55c-48b0-8638-b161dc557373,DIKONFIMASI,Pengajuan Kur telah Dikonfirmasi oleh Anas Minanto.,2022-05-17 17:41:40,2022-05-17 17:41:40,
d817b45c-0d9a-41e5-93b7-ed23d9aae673,bd7e6b8f-0192-4752-a1e1-d86e17708705,6186c0ea-aa64-491f-9da9-6f1122f30fdc,DIAJUKAN,Pengajuan Kur Diajukan,2022-01-27 10:55:21,2022-01-27 10:55:21,
d867d53c-1e31-4630-95ba-528b3d0cabfc,27e7fa95-d8d3-44ae-9012-41803cb9042d,d0eb0c0b-1be8-4771-948c-b5042e7d0f39,DIKONFIMASI,Pengajuan Kur telah Dikonfirmasi oleh Rachmad Yudha Ardhiansyah.,2023-10-24 17:37:07,2023-10-24 17:37:07,
d88de6ff-48b4-4522-b656-641516fd5446,e98b858c-36e6-44aa-8ccb-1af2d60816e1,7ca9254e-0116-4e64-a5d8-6445f793d2d1,DIALIHKAN,Pengajuan Kur Dialihkan Ke Sub Admin oleh R.Haryo Tutuko.,2022-01-28 17:05:49,2022-01-28 17:05:49,
d953e519-843d-4e8b-a2b0-fb53ae098352,58c35c26-6ec0-41a9-a41e-87cdea74adda,370c1085-8d1e-4648-92f7-babbeae35334,DIKONFIMASI,Pengajuan Kur telah Dikonfirmasi oleh adminbankbca.,2023-09-29 22:40:47,2023-09-29 22:40:47,
da26880a-4840-48a4-9255-c2cc91e45cc8,"0d0b467d-b2d8-44a8-992e-da688607fa3a","017bad39-c4b5-4499-8467-65b4ce6ae96c",DIKONFIMASI,Pengajuan Kur telah Dikonfirmasi oleh Erna Widyastuti.,2023-05-15 13:21:35,2023-05-15 13:21:35,
da810a52-d15a-404b-ba1f-a3aadc1803ae,24e5f775-7dd3-4c87-93bf-11fbe03436fa,ec61080b-0a2b-4bc8-b37f-06cd8d9e7ba7,DIKONFIMASI,Pengajuan Kur telah Dikonfirmasi oleh Taufan Agustama.,2023-08-23 17:58:15,2023-08-23 17:58:15,
daaab5d0-5e56-4bac-b0b8-d9201201eaf4,dbafc4a3-e770-4006-85e4-4280659f17f6,2b6797a7-4a47-4675-831e-4df4aaa1f557,DITOLAK,Pengajuan Kur Ditolak Dengan Alasan no oleh ugm.,2023-09-22 22:52:33,2023-09-22 22:52:33,
dad6ca37-ccbc-4341-a97c-c8dd4f6de87c,66fa4364-643b-4bd9-83d2-4ad0a18576bb,97f492fd-9a62-47d3-a65d-69ba529dcf1c,DIKONFIMASI,Pengajuan Kur telah Dikonfirmasi oleh Ika Purnamasari.,2022-01-27 18:56:20,2022-01-27 18:56:20,
dbb8d198-45c2-40a5-9102-6f68d94ae926,dbafc4a3-e770-4006-85e4-4280659f17f6,2b6797a7-4a47-4675-831e-4df4aaa1f557,DIKONFIMASI,Pengajuan Kur telah Dikonfirmasi oleh ugm.,2023-09-22 22:46:00,2023-09-22 22:46:00,
dc0d23ac-5875-4387-b200-283c42f0da9d,d93811a3-49e9-40e3-8cf9-435b0375c42a,1f715fb9-111b-40fe-9357-209c1faa228b,DIAJUKAN,Pengajuan Kur Diajukan,2024-01-14 00:48:57,2024-01-14 00:48:57,
dc3a2a7a-11bf-4a51-8985-3ec2c22994f6,30ba77c7-f74f-4144-be29-94ac1baf25cb,88dbc8d0-fbfd-4b04-8448-13cc684a21ed,DIAJUKAN,Pengajuan Kur Diajukan,2023-06-20 18:22:15,2023-06-20 18:22:15,
de4a7bd2-43f2-4a27-98dc-6ccdfb9a12e9,a9e77ba4-db6a-4d93-93ab-0bfb38ed8265,1b3651f5-5616-4636-b9dc-ccd93750b6db,DIKONFIMASI,Pengajuan Kur telah Dikonfirmasi oleh Hakiki Radhietyawati.,2022-06-13 19:59:41,2022-06-13 19:59:41,
de933d11-8d61-43f7-8c94-4d75ca91884b,30095df5-f245-46ab-9eb6-159cccd441f2,d963d953-67af-4976-9969-b9e30e782a21,DITOLAK,Pengajuan Kur Ditolak Dengan Alasan Akun coba oleh Kur BCA.,2023-04-06 12:58:43,2023-04-06 12:58:43,
de96b079-f5d3-4bb5-bba6-ccf38599399f,a9e77ba4-db6a-4d93-93ab-0bfb38ed8265,1b3651f5-5616-4636-b9dc-ccd93750b6db,DISETUJUI,Pengajuan Kur Disetujui Dengan Plafond Yang Diterima Rp.50.000.000 oleh Hakiki Radhietyawati.,2022-06-14 16:15:29,2022-06-14 16:15:29,
dead8956-8880-4c30-a819-8b550e760093,aea6d771-41eb-4a6e-b642-79f4a214cc69,a2fafc28-51f8-40b2-90a6-102eefd21a43,DIAJUKAN,Pengajuan Kur Diajukan,2022-01-28 12:43:25,2022-01-28 12:43:25,
df25131a-f6d6-4510-a388-de1b1fc5e4f6,67fca8e0-3d6a-4b71-be81-539e56ddce4d,c9bf6f27-1ed0-4676-9fd5-c8ac859cb402,DIAJUKAN,Pengajuan Kur Diajukan,2023-07-31 16:57:57,2023-07-31 16:57:57,
dfa47d37-6223-4011-b2b2-110200604821,1ca42d53-150c-41f8-bb88-7aeb8386acd6,fdf9f670-8ec9-45fa-8481-0fa6d96fb3c9,DIAJUKAN,Pengajuan Kur Diajukan,2023-08-10 19:19:03,2023-08-10 19:19:03,
e06ad706-fce4-4114-8f7b-96a5f984ca8e,5240243a-3c86-4c48-b07d-c7905a057dba,"017bad39-c4b5-4499-8467-65b4ce6ae96c",DIKONFIMASI,Pengajuan Kur telah Dikonfirmasi oleh Erna Widyastuti.,2023-05-15 13:18:34,2023-05-15 13:18:34,
e0c86212-ee02-48b5-a121-b81e0bd98a06,847223dc-61c2-4d55-987a-5ecbb9cadbd4,f951d68e-1960-4a72-bc05-48981f3aca78,DIAJUKAN,Pengajuan Kur Diajukan,2023-10-25 16:27:16,2023-10-25 16:27:16,
e1816158-ff66-4a81-b061-76993276abf5,df3ec108-b318-4a1e-a455-0281d6a3c68a,d963d953-67af-4976-9969-b9e30e782a21,DIKONFIMASI,Pengajuan Kur telah Dikonfirmasi oleh Kur BCA.,2023-04-06 12:49:58,2023-04-06 12:49:58,
e2069147-ddc4-4659-8758-cdef1fd7caf2,84659bb6-f25b-445f-a4d8-6ec6a9d930ce,1b3651f5-5616-4636-b9dc-ccd93750b6db,DISETUJUI,Pengajuan Kur Disetujui Dengan Plafond Yang Diterima Rp.100.000.000 oleh Hakiki Radhietyawati.,2022-09-06 12:58:10,2022-09-06 12:58:10,
e35d6a24-640d-4b7d-b5ff-56308d8732fe,5ca36952-c3ab-4d59-9e51-58e432f2c9d8,cce03310-4a42-4888-af2c-f0dc59b7d576,DIAJUKAN,Pengajuan Kur Diajukan,2023-12-18 11:35:27,2023-12-18 11:35:27,
e492a382-3439-457f-a7ce-2081e277ade3,36354081-e5b7-4584-8d68-698f157f2bcd,17d8e830-b55c-48b0-8638-b161dc557373,DISETUJUI,Pengajuan Kur Disetujui Dengan Plafond Yang Diterima Rp.10.000.000 oleh Anas Minanto.,2022-05-17 17:43:05,2022-05-17 17:43:05,
e4b1f58e-e1d2-4b43-9b01-b5ef6e68d802,7d45db58-54e6-4567-a4b2-0ed41a4c29b2,13de8b26-98e5-42ad-952b-26ef15235307,DIAJUKAN,Pengajuan Kur Diajukan,2023-10-06 21:50:16,2023-10-06 21:50:16,
e54c78d3-8754-4242-9967-159a70b712b1,7f233b34-8fec-4dc9-87df-891bd3696257,"017bad39-c4b5-4499-8467-65b4ce6ae96c",DIKONFIMASI,Pengajuan Kur telah Dikonfirmasi oleh Erna Widyastuti.,2022-09-06 11:41:36,2022-09-06 11:41:36,
e56be435-421b-4b3e-92da-418846500631,7694cd5f-427b-4c44-9e97-6ab2de184279,76e2c2e8-c435-4c35-836f-e1d3403b7ab0,DIAJUKAN,Pengajuan Kur Diajukan,2023-06-25 13:07:14,2023-06-25 13:07:14,
e5e99a97-e099-45ac-9e4c-ec7f19388669,d8ff80f7-9dba-4b6b-91ad-928dc91ac656,"017bad39-c4b5-4499-8467-65b4ce6ae96c",DIALIHKAN,Pengajuan Kur Dialihkan Ke Sub Admin oleh Erna Widyastuti.,2022-04-05 09:36:22,2022-04-05 09:36:22,
e62ef959-1572-4d0d-af8a-f9eeaa10d820,"0d0b467d-b2d8-44a8-992e-da688607fa3a","017bad39-c4b5-4499-8467-65b4ce6ae96c",DITOLAK,Pengajuan Kur Ditolak Dengan Alasan coba coba oleh Erna Widyastuti.,2023-05-15 13:23:20,2023-05-15 13:23:20,
e66215ba-2c9c-4363-a8d1-f322d5599a44,5ef5f2c7-5055-49cb-a3fd-f83f089f8ffb,574d64ac-5506-426a-a2f4-efc30795864e,DIAJUKAN,Pengajuan Kur Diajukan,2023-07-02 23:27:13,2023-07-02 23:27:13,
e7246fe8-70db-4daf-b60b-55387a31486d,f5081232-e380-4d22-adf1-f2fa64adc608,c265def2-9ba1-4638-bcfc-c4e67a41d1f0,DISETUJUI,Pengajuan Kur Disetujui Dengan Plafond Yang Diterima Rp.15.000.000 oleh Susanto.,2022-09-06 17:24:45,2022-09-06 17:24:45,
e73e2a85-1e7a-43ca-8982-aae605bd1fa8,1f17d803-14b9-4d70-bfbb-ab52745bb1ec,7ca9254e-0116-4e64-a5d8-6445f793d2d1,DIKONFIMASI,Pengajuan Kur telah Dikonfirmasi oleh R.Haryo Tutuko.,2022-01-26 16:28:15,2022-01-26 16:28:15,
e88c2f0b-e4c2-4399-a323-0cbeaddce988,156ed00b-42b2-4ff3-ac73-3d7b13e1d5c8,"085be812-e9fb-4993-a790-b8cae71cba58",DIAJUKAN,Pengajuan Kur Diajukan,2022-07-14 14:24:54,2022-07-14 14:24:54,
e894e342-c25c-4d8c-939a-0107388a7bff,7f233b34-8fec-4dc9-87df-891bd3696257,1f0e1f83-768e-4f77-9786-63cc447c144b,DITOLAK,Pengajuan Kur Ditolak Dengan Alasan pengajuan ganda oleh Hesti Purnawati.,2022-11-23 09:19:24,2022-11-23 09:19:24,
e9532b58-4da5-4bf6-85ae-a410dab45b35,147a9919-d9f7-453d-b312-f3e0a13667e1,1b3651f5-5616-4636-b9dc-ccd93750b6db,DIKONFIMASI,Pengajuan Kur telah Dikonfirmasi oleh Hakiki Radhietyawati.,2022-09-06 12:14:10,2022-09-06 12:14:10,
e9b97270-e527-4a71-b534-bd2198f617d2,764fc7f4-9498-4191-bcf9-5441b2d46fe2,d260d195-c977-450a-bcc2-6ec65d18ee64,DISETUJUI,Pengajuan Kur Disetujui Dengan Plafond Yang Diterima Rp.101.000.000 oleh Dhiah Oktarinda R.,2022-01-28 17:51:27,2022-01-28 17:51:27,
ea983e5d-67bd-451d-9f1e-038eefde4a0d,bd7e6b8f-0192-4752-a1e1-d86e17708705,7ca9254e-0116-4e64-a5d8-6445f793d2d1,DIKONFIMASI,Pengajuan Kur telah Dikonfirmasi oleh R.Haryo Tutuko.,2022-01-27 11:24:02,2022-01-27 11:24:02,
eaee2eb3-c24a-442f-8f3b-21a8f0815765,f9313dac-c206-475b-afec-474b8efdb313,"017bad39-c4b5-4499-8467-65b4ce6ae96c",DIKONFIMASI,Pengajuan Kur telah Dikonfirmasi oleh Erna Widyastuti.,2022-01-31 20:23:00,2022-01-31 20:23:00,
eb633ce2-5ef4-4931-ac0e-94be9d40bd88,74b501db-4a11-42d2-a74a-1d32076ddc01,ec61080b-0a2b-4bc8-b37f-06cd8d9e7ba7,DITOLAK,Pengajuan Kur Ditolak Dengan Alasan Pengajuan minimal 100 juta (KUR Kecil) oleh Taufan Agustama.,2023-08-23 17:59:25,2023-08-23 17:59:25,
ec84971b-21bc-4943-8d5b-8fdf12525583,4d5df111-bb3b-42d3-8126-5c76a800d4b1,7ca9254e-0116-4e64-a5d8-6445f793d2d1,DIALIHKAN,Pengajuan Kur Dialihkan Ke Sub Admin oleh R.Haryo Tutuko.,2022-01-26 16:31:33,2022-01-26 16:31:33,
ed22f5cf-98fc-4023-b2fb-5f55c447059f,fa1caaeb-8a5d-41e7-9f95-e3d5f165396a,7b1d87ac-8123-42e7-bbf6-e2d080e53404,DIAJUKAN,Pengajuan Kur Diajukan,2022-12-24 17:32:19,2022-12-24 17:32:19,
ed23be84-ee7a-4a43-8a7b-aed82b9391af,9fe40cb5-cb1d-4e99-a52d-62439797ad3e,aa758eed-fbac-4ffc-bd8a-28c09ec0ce2e,DIKONFIMASI,Pengajuan Kur telah Dikonfirmasi oleh Asri.,2023-10-27 11:11:39,2023-10-27 11:11:39,
ed4195a7-581e-4377-adcb-a1226c430922,a4ae965a-a26a-4b85-9748-95282fd0556c,"017bad39-c4b5-4499-8467-65b4ce6ae96c",DIKONFIMASI,Pengajuan Kur telah Dikonfirmasi oleh Erna Widyastuti.,2023-05-15 13:21:34,2023-05-15 13:21:34,
ed4a99d7-67a9-4c77-94ed-51aa8a1f9598,"0f0cca8d-c5c6-49d9-8fb7-c7a5cf68e3ab",e7553d74-3222-46f1-8c80-907ae6a63725,DIAJUKAN,Pengajuan Kur Diajukan,2023-12-25 17:05:25,2023-12-25 17:05:25,
edbd4f2c-cc13-4af3-9598-eff5b2ff0bd3,39caf705-c035-4fe4-960d-19d9ac9edbf0,19873e95-471b-41a9-809c-7238adcfbde9,DIAJUKAN,Pengajuan Kur Diajukan,2023-01-31 14:34:49,2023-01-31 14:34:49,
eddee953-bddc-4cfc-b760-ea43f7df9fc1,f9313dac-c206-475b-afec-474b8efdb313,"017bad39-c4b5-4499-8467-65b4ce6ae96c",DIALIHKAN,Pengajuan Kur Dialihkan Ke Sub Admin oleh Erna Widyastuti.,2022-01-31 20:25:17,2022-01-31 20:25:17,
ee677017-457b-41bb-830a-ddf7243b50c7,5cd740a0-c52b-4657-8748-8bce1d91cdf1,d33b3ebf-d98b-425e-a701-600a01cbcb3c,DIKONFIMASI,Pengajuan Kur telah Dikonfirmasi oleh Andree Caesario Wijaya.,2022-12-09 10:29:38,2022-12-09 10:29:38,
ee9b5a46-3dbe-4b8a-ae48-bcaa668a90f0,847ffb3e-9961-437d-9fa1-68d9dce66cd7,716185dc-0c13-4c87-8b45-f9d1f3c135b2,DIAJUKAN,Pengajuan Kur Diajukan,2024-01-09 18:42:19,2024-01-09 18:42:19,
ef09da8e-4dda-46e2-99b0-0a68e48e2b4e,dcd57a36-333d-4261-a22b-d730fc9dc8ee,ccb117e5-35bb-4725-8b60-544c57e3820f,DIAJUKAN,Pengajuan Kur Diajukan,2023-09-13 15:03:43,2023-09-13 15:03:43,
f01838f9-8116-44c0-b0cb-a7d6e70036c4,66fa4364-643b-4bd9-83d2-4ad0a18576bb,90b4b77e-fb66-4ce8-8f22-115860799a75,DIAJUKAN,Pengajuan Kur Diajukan,2022-01-27 17:22:15,2022-01-27 17:22:15,
f0a4b18a-3874-4ebc-82de-dcde7387a078,a16f6119-a34f-4ecb-8ee9-7cedfcd4fbba,aa758eed-fbac-4ffc-bd8a-28c09ec0ce2e,DIKONFIMASI,Pengajuan Kur telah Dikonfirmasi oleh Asri.,2023-10-27 11:13:13,2023-10-27 11:13:13,
f0d2c0c6-d055-4df2-bb24-79785304dc3c,c8a23a96-c6b5-4585-8a3e-ed9d76a891f3,2af7aa8d-8eed-49be-aee4-ce264b075a7b,DITOLAK,Pengajuan Kur Ditolak Dengan Alasan Tidak sesuai oleh Panji Ario Sancoko.,2022-07-28 09:35:43,2022-07-28 09:35:43,
f0e7b2ea-9b68-4a0a-a41f-2968a60f3390,56f7e643-24c3-432e-bcb9-9aaf38c3dfbb,4881df60-9bcf-4757-a891-386e436b0d66,DISETUJUI,Pengajuan Kur Disetujui Dengan Plafond Yang Diterima Rp.50.000.000 oleh Mukti Widodo.,2022-01-27 10:03:01,2022-01-27 10:03:01,
f24ce18f-0f0e-421f-94be-9a4c93186d28,e28c30a1-6492-4a84-8afa-81fbbb1a106e,4b324c58-077b-43bb-bcb5-15442a84bfe8,DIAJUKAN,Pengajuan Kur Diajukan,2023-03-17 03:52:47,2023-03-17 03:52:47,
f32f23c3-6cfe-46a8-b223-ec783ad2012b,6d1db40b-8ae9-4511-86d5-78a96891d027,2357b66e-4eea-4940-88ea-92070d1df041,DISETUJUI,Pengajuan Kur Disetujui Dengan Plafond Yang Diterima Rp.250.000.000 oleh Nazula Elva.,2022-02-11 10:44:16,2022-02-11 10:44:16,
f4d39669-6d21-4a70-87c5-0c2c70360b13,156ed00b-42b2-4ff3-ac73-3d7b13e1d5c8,2af7aa8d-8eed-49be-aee4-ce264b075a7b,DIKONFIMASI,Pengajuan Kur telah Dikonfirmasi oleh Panji Ario Sancoko.,2022-07-14 14:30:26,2022-07-14 14:30:26,
f4f2107e-1db0-45d0-a2e5-284ee26d18c1,a9e77ba4-db6a-4d93-93ab-0bfb38ed8265,6c13ed0f-2b42-4ec0-97cd-c725af8bd798,DIAJUKAN,Pengajuan Kur Diajukan,2022-01-31 18:38:25,2022-01-31 18:38:25,
f50267bd-1bab-4411-8000-fc8c19412440,64829bb4-f177-4c23-bbb2-8945dcb842ba,58354262-a9bb-42b1-a7c2-4fa7cd98a42f,DIKONFIMASI,Pengajuan Kur telah Dikonfirmasi oleh Raja David P.,2023-06-24 12:05:28,2023-06-24 12:05:28,
f5347b87-1a5d-45ec-9f96-19c5ee757524,147a9919-d9f7-453d-b312-f3e0a13667e1,1b3651f5-5616-4636-b9dc-ccd93750b6db,DIKONFIMASI,Pengajuan Kur telah Dikonfirmasi oleh Hakiki Radhietyawati.,2022-09-06 12:14:14,2022-09-06 12:14:14,
f5df4731-924b-48bc-a04b-85b08f304833,9f70b89e-1dd6-4c45-b777-427e717ecb40,afbe49f3-5649-40f8-875f-f44249d01c34,DIAJUKAN,Pengajuan Kur Diajukan,2023-06-14 15:21:39,2023-06-14 15:21:39,
f5ff13f9-7780-4d45-9335-fa864c4ebdf4,1367fb11-06b0-438f-9d71-44ad63373885,58354262-a9bb-42b1-a7c2-4fa7cd98a42f,DIKONFIMASI,Pengajuan Kur telah Dikonfirmasi oleh Raja David P.,2023-06-24 11:59:20,2023-06-24 11:59:20,
f66ca676-4840-4560-a190-0bc666d1df40,f5081232-e380-4d22-adf1-f2fa64adc608,706d1aa4-f42f-4a3e-9459-abb17c287c45,DIAJUKAN,Pengajuan Kur Diajukan,2022-01-31 10:50:29,2022-01-31 10:50:29,
f81036ae-8060-42bf-8f46-b1c670c26812,47adc3cf-b7dc-4c58-a451-dfb4d7e0b4a1,61dd1743-f34f-49cb-ae47-bf0e43f3b197,DIAJUKAN,Pengajuan Kur Diajukan,2023-08-30 10:27:38,2023-08-30 10:27:38,
f82ce6f0-2f37-474e-9535-1b2fc1191968,468a93e5-757b-4558-ab75-8ce7d11b7acc,9dd332dd-d7c3-45fc-8b83-549a1c6d0a3c,DIAJUKAN,Pengajuan Kur Diajukan,2022-12-26 11:51:25,2022-12-26 11:51:25,
f862e0fa-fd05-4dcd-9fcc-f504f68181a4,2b550de8-f39c-4dc1-a9e6-a7ac25ea3e2d,"0c049d96-37fa-4bc6-8d01-b1c7851001a6",DIAJUKAN,Pengajuan Kur Diajukan,2023-05-09 13:16:50,2023-05-09 13:16:50,
f86d639b-70e0-441b-8328-3ede79068626,a4ae965a-a26a-4b85-9748-95282fd0556c,7b1d87ac-8123-42e7-bbf6-e2d080e53404,DIAJUKAN,Pengajuan Kur Diajukan,2022-12-24 17:30:34,2022-12-24 17:30:34,
f878880c-10c0-45f3-8533-971107e1a7ee,6d1db40b-8ae9-4511-86d5-78a96891d027,"017bad39-c4b5-4499-8467-65b4ce6ae96c",DIALIHKAN,Pengajuan Kur Dialihkan Ke Sub Admin oleh Erna Widyastuti.,2022-01-31 21:24:14,2022-01-31 21:24:14,
f920cf02-30d2-49cb-a4fd-68f8db2e5317,f5a72780-bceb-41d7-9f63-b9ca3f1f5f2c,4ebec42e-8506-4895-aaf8-bdc76dc2334d,DIAJUKAN,Pengajuan Kur Diajukan,2022-05-23 14:35:35,2022-05-23 14:35:35,
f9c59e2a-0bac-4fc7-8cd1-b9523a4d7d85,ea5274f3-8edb-47bb-b0f4-0c92a3defe2d,1c7a956c-3c8f-48d3-80c1-293365b7f1e4,DIAJUKAN,Pengajuan Kur Diajukan,2023-12-21 12:53:55,2023-12-21 12:53:55,
f9cc3078-cbf9-48cc-a0b9-b049fcb42a5d,f4e463bf-638d-483d-ae6f-e989304fd67a,d33b3ebf-d98b-425e-a701-600a01cbcb3c,DIKONFIMASI,Pengajuan Kur telah Dikonfirmasi oleh Andree Caesario Wijaya.,2022-06-10 10:00:41,2022-06-10 10:00:41,
f9dd31c3-945c-49fb-835a-c8c9dcf3fe43,59029925-a8bc-4760-9ecf-28ce71fc5187,d37a0276-16ea-41a5-a2be-ad23c18d7477,DIAJUKAN,Pengajuan Kur Diajukan,2023-09-22 21:51:50,2023-09-22 21:51:50,
fa2f0ef8-a00d-4e6a-ac65-a8706147c1c4,df3ec108-b318-4a1e-a455-0281d6a3c68a,3015561c-7bdc-42f3-9bfc-81fc28e048c5,DIAJUKAN,Pengajuan Kur Diajukan,2023-02-08 12:30:31,2023-02-08 12:30:31,
faa6cbe8-69b3-4949-a70f-7caad35003f0,998f0e02-8c35-4668-bdb2-4384c151335a,"017bad39-c4b5-4499-8467-65b4ce6ae96c",DIKONFIMASI,Pengajuan Kur telah Dikonfirmasi oleh Erna Widyastuti.,2022-01-28 15:14:44,2022-01-28 15:14:44,
faab3a75-9e5d-4460-8847-e05a9ab84c75,70db0885-5439-4ff9-8441-1a5b48080bc2,1b3651f5-5616-4636-b9dc-ccd93750b6db,DITOLAK,Pengajuan Kur Ditolak Dengan Alasan Istri ybs debitur bri dan kolek dpk oleh Hakiki Radhietyawati.,2022-06-14 12:38:16,2022-06-14 12:38:16,
fb1c0221-8e3d-4925-9bd8-d51c5b8e6850,ab60f2ec-0d59-4313-a01f-803ea9ff1b14,e6fe3566-0c13-45d9-b99d-ff59ca44fea1,DIAJUKAN,Pengajuan Kur Diajukan,2023-03-26 10:55:48,2023-03-26 10:55:48,
fb22ff40-b204-497e-a22d-eeab8765667d,6fbb7ba7-9fe2-4a57-affc-611ebeaaf228,74f990c5-cc6a-44d4-992b-1de6e9a841e3,DIAJUKAN,Pengajuan Kur Diajukan,2023-07-31 16:30:58,2023-07-31 16:30:58,
fbeafda5-8fc2-4706-a4f9-804982a8e9b6,c8149dbe-b537-4785-9e86-0f14c382d2e7,d33b3ebf-d98b-425e-a701-600a01cbcb3c,DIKONFIMASI,Pengajuan Kur telah Dikonfirmasi oleh Andree Caesario Wijaya.,2022-09-14 16:58:49,2022-09-14 16:58:49,
fc23921a-77e8-4050-9412-d3a4619db827,468a93e5-757b-4558-ab75-8ce7d11b7acc,d33b3ebf-d98b-425e-a701-600a01cbcb3c,DIKONFIMASI,Pengajuan Kur telah Dikonfirmasi oleh Andree Caesario Wijaya.,2023-04-04 14:12:54,2023-04-04 14:12:54,
fca1d1db-32b7-4332-a4e2-04e6070a7173,f18f223b-df64-4db6-a429-ccf0f4fe6094,71b463eb-c863-4033-8200-61cf860ddfe3,DIAJUKAN,Pengajuan Kur Diajukan,2022-12-04 07:32:19,2022-12-04 07:32:19,
fd84d0b1-c99b-4e42-bef2-c0e933d799ab,d1752810-bdd0-4d02-ac6f-3a409aa6d86f,8afeec30-ed30-4982-9164-c21c780a50b2,DIAJUKAN,Pengajuan Kur Diajukan,2022-01-27 11:23:44,2022-01-27 11:23:44,
fde6ea2d-64fa-41d7-a7fe-aa3c570f30c2,16d94441-3463-4d05-b0d5-3f18e5997d5a,97f492fd-9a62-47d3-a65d-69ba529dcf1c,DIKONFIMASI,Pengajuan Kur telah Dikonfirmasi oleh Ika Purnamasari.,2022-01-27 18:58:05,2022-01-27 18:58:05,
feb874af-2525-4c8b-aec6-bec012abbf17,a382f7ae-9864-4b69-9123-dca6be051d73,d33b3ebf-d98b-425e-a701-600a01cbcb3c,DIKONFIMASI,Pengajuan Kur telah Dikonfirmasi oleh Andree Caesario Wijaya.,2023-08-30 17:57:16,2023-08-30 17:57:16,
ff123e8c-d71b-443e-a523-13045440692c,bd65efb6-5d4d-4656-b4ec-6b4e919b09bf,ec61080b-0a2b-4bc8-b37f-06cd8d9e7ba7,DITOLAK,Pengajuan Kur Ditolak Dengan Alasan Pengajuan minimal 100 juta (KUR Kecil) oleh Taufan Agustama.,2023-08-23 17:59:52,2023-08-23 17:59:52,
ff5d9717-3ad3-4a71-b7f9-930d6f92fec6,58181e18-4579-4535-88d9-b1f602a2e167,8e74fcad-3f2c-4aab-a047-463fc8552d0e,DIAJUKAN,Pengajuan Kur Diajukan,2023-04-27 03:53:21,2023-04-27 03:53:21,
ff76a905-cbf7-4883-9f28-6de351dd5ba3,"00bfd806-118c-492b-972a-b8eb89a4761c",198cb5eb-06ee-4093-a88e-0f7281758cc9,DIAJUKAN,Pengajuan Kur Diajukan,2023-03-15 19:01:13,2023-03-15 19:01:13,
