595a48d0-6655-4e6b-982d-1743b6bc414a,Siapa saja penerima KUR ?,"<ul><li><span style=""color: rgb(38, 59, 94); font-family: Quicksand, sans-serif;""><font size=""3"">usaha mikro, kecil, dan menengah;&nbsp;</font></span></li><li><span style=""color: rgb(38, 59, 94); font-family: Quicksand, sans-serif;""><font size=""3"">usaha mikro, kecil, dan menengah dari anggota
keluarga dari karyawan/karyawati yang
berpenghasilan tetap atau bekerja sebagai Pekerja
Migran Indonesia;&nbsp;</font></span></li><li><span style=""color: rgb(38, 59, 94); font-family: Quicksand, sans-serif;""><font size=""3"">usaha mikro, kecil, dan menengah dari Pekerja Migran
Indonesia yang pernah bekerja di luar negeri;&nbsp;</font></span></li><li><span style=""color: rgb(38, 59, 94); font-family: Quicksand, sans-serif;""><font size=""3"">usaha mikro, kecil, dan menengah di wilayah
perbatasan dengan negara lain;&nbsp;</font></span></li><li><span style=""color: rgb(38, 59, 94); font-family: Quicksand, sans-serif;""><font size=""3"">usaha mikro, kecil, dan menengah pensiunan Pegawai
Negeri Sipil, Tentara Nasional Indonesia dan
Kepolisian Negara Republik Indonesia atau yang telah
memasuki masa persiapan pensiun;&nbsp;</font></span></li><li><span style=""color: rgb(38, 59, 94); font-family: Quicksand, sans-serif;""><font size=""3"">usaha mikro, kecil, dan menengah bukan Aparatur
Sipil Negara, Tentara Nasional Indonesia dan
Kepolisian Negara Republik Indonesia;&nbsp;</font></span></li><li><span style=""color: rgb(38, 59, 94); font-family: Quicksand, sans-serif;""><font size=""3"">Kelompok Usaha mikro, kecil, dan menengah yang
meliputi:
1) Kelompok Usaha; atau
2) Gabungan Kelompok Tani dan Nelayan
(Gapoktan);&nbsp;</font></span></li><li><span style=""color: rgb(38, 59, 94); font-family: Quicksand, sans-serif;""><font size=""3"">usaha mikro, kecil, dan menengah dari pekerja yang
terkena pemutusan hubungan kerja;&nbsp;</font></span></li><li><span style=""color: rgb(38, 59, 94); font-family: Quicksand, sans-serif;""><font size=""3"">calon Pekerja Migran Indonesia yang akan bekerja di
luar negeri;&nbsp;</font></span></li><li><span style=""color: rgb(38, 59, 94); font-family: Quicksand, sans-serif;""><font size=""3"">calon peserta magang di luar negeri; dan/atau
k. usaha mikro, kecil, dan menengah dari ibu rumah
tangga.</font></span></li></ul>",,siapa-saja-penerima-kur,FAQ,2021-12-06 01:58:31,2023-03-27 13:00:43,,,
1f668a65-5117-4cbb-a848-9a3b54101a17,Pertanyaan : Bagaimana kriteria kelompok usaha yang layak untuk mengikuti program Kredit Usaha Rakyat ?,"<ul style=""margin-bottom: 1rem; color: rgb(38, 59, 94); font-family: Quicksand, sans-serif; font-size: 16px;""><li>Terdiri atas seluruh anggota memiliki usaha produktif dan layak, dan/atau diperbolehkan beberapa anggota merupakan pelaku usaha pemula;</li><li>Dalam hal anggota Kelompok Usaha terdapat pelaku usaha pemula, maka harus memiliki surat rekomendasi pengajuan kredit dari Ketua Kelompok Usaha;</li><li>Kegiatan usaha dapat dilakukan secara mandiri dan/atau bekerja sama dengan mitra usaha;</li><li>Kegiatan kelompok usaha dilaksanakan untuk meningkatkan dan mengembangkan usaha anggotanya;</li><li>Kelompok usaha telah memilki Surat Keterangan Kelompok Usaha yang diterbitkan oleh dinas/ instansi terkait dan/atau surat keterangan lainnya;</li><li>Pengajuan KUR dilakukan oleh Kelompok Usaha melalui Ketua Kelompok Usaha, dengan jumlah pengajuan berdasarkan plafon/jumlah pengajuan KUR yang diajukan oleh masing-masing anggota Kelompok Usaha;</li><li>Perjanjian Kredit atau Akad Kredit untuk Kelompok Usaha dilakukan oleh masing-masing anggota Kelompok Usaha dengan Penyalur KUR;</li><li>Dalam hal hasil penilaian Penyalur atas pengajuan KUR oleh Kelompok Usaha yang dinilai membutuhkan agunan tambahan, maka Kelompok Usaha dapat memberikan agunan tambahan kolektif yang bersumber dari aset Kelompok Usaha itu sendiri atau aset dari sebagian anggota Kelompok Usaha yang dapat dipertanggungjawabkan melalui mekanisme tanggung renteng;</li><li>Dalam hal terdapat kegagalan pembayaran angsuran KUR, maka Ketua Kelompok Usaha mengkoordinir pelaksanaan mekanisme tanggung renteng antar anggota Kelompok Usaha.</li></ul>",,pertanyaan-bagaimana-kriteria-kelompok-usaha-yang-layak-untuk-mengikuti-program-kredit-usaha-rakyat,FAQ,2021-12-06 01:59:31,2022-05-10 14:57:16,,,
88608825-4ef4-4131-b59a-cd62ed69c222,Pertanyaan : Apa saja agunan pokok KUR ?,"<p style=""margin-bottom: 1rem; color: rgb(38, 59, 94); font-family: Quicksand, sans-serif; font-size: 16px;"">Agunan KUR terdiri atas :</p><ol style=""margin-bottom: 1rem; color: rgb(38, 59, 94); font-family: Quicksand, sans-serif; font-size: 16px; list-style-type: lower-alpha;""><li>Agunan pokok, dan</li><li>Agunan Tambahan</li></ol><p style=""margin-bottom: 1rem; color: rgb(38, 59, 94); font-family: Quicksand, sans-serif; font-size: 16px;"">Agunan Pokok merupakan usaha atau obyek yang dibiayai oleh KUR.</p><p style=""margin-bottom: 1rem; color: rgb(38, 59, 94); font-family: Quicksand, sans-serif; font-size: 16px;"">Sedangakan Agunan Tambahan untuk KUR Kecil dan KUR Khusus dengan plafon lebih dari Rp 100.000.000,- sesuai dengan kebijakan/ penilaian penyalur KUR.</p>",,pertanyaan-apa-saja-agunan-pokok-kur,FAQ,2021-12-06 01:59:54,2023-03-27 12:58:11,,,
df672952-8bd4-444b-aea8-a5c292f3f78a,Pertanyaan : Berapa lama jangka waktu yang diberikan KUR ?,"<p style=""margin-bottom: 1rem; color: rgb(38, 59, 94); font-family: Quicksand, sans-serif; font-size: 16px;"">Jangka waktu KUR Super Mikro dan KUR Mikro :<br></p><ol style=""margin-bottom: 1rem; color: rgb(38, 59, 94); font-family: Quicksand, sans-serif; font-size: 16px; list-style-type: lower-alpha;""><li>paling lama 3 (tiga) tahun untuk kredit/pembiayaan modal kerja; atau</li><li>paling lama 5 (lima) tahun untuk kredit/pembiayaan investasi.</li></ol><p style=""margin-bottom: 1rem; color: rgb(38, 59, 94); font-family: Quicksand, sans-serif; font-size: 16px;"">Dalam hal diperlukan perpanjangan, suplesi, atau restrukturisasi, maka jangka waktu sebagaimana di atas menjadi:</p><ol style=""margin-bottom: 1rem; color: rgb(38, 59, 94); font-family: Quicksand, sans-serif; font-size: 16px; list-style-type: lower-alpha;""><li>untuk pembiayaan kredit modal kerja dapat diperpanjang menjadi maksimal 4 (empat) tahun dan;</li><li>untuk kredit/ pembiayaan investasi dapat diperpanjang maksimal 7 (tujuh) tahun terhitung sejak tanggal perjanjian kredit/ pembiayaan awal.</li></ol><p style=""margin-bottom: 1rem; color: rgb(38, 59, 94); font-family: Quicksand, sans-serif; font-size: 16px;"">Jangka waktu KUR Kecil:</p><ol style=""margin-bottom: 1rem; color: rgb(38, 59, 94); font-family: Quicksand, sans-serif; font-size: 16px; list-style-type: lower-alpha;""><li>paling lama 4 (empat) Tahun untuk kredit/pembiayaan modal kerja; atau</li><li>paling lama 5 (lima) Tahun untuk kredit/pembiayaan investasi.</li></ol><p style=""margin-bottom: 1rem; color: rgb(38, 59, 94); font-family: Quicksand, sans-serif; font-size: 16px;"">Dalam hal diperlukan perpanjangan, suplesi, atau restrukturisasi, maka jangka waktu KUR Kecil menjadi :</p><ol style=""margin-bottom: 1rem; color: rgb(38, 59, 94); font-family: Quicksand, sans-serif; font-size: 16px; list-style-type: lower-alpha;""><li>untuk kredit/pembiayaan modal kerja dapat diperpanjang menjadi maksimal 5 (lima) tahun dan;</li><li>untuk kredit/pembiayaan investasi dapat diperpanjang menjadi maksimal 7 (tujuh) tahun terhitung sejak tanggal perjanjian kredit/pembiayaan awal.</li></ol><p style=""margin-bottom: 1rem; color: rgb(38, 59, 94); font-family: Quicksand, sans-serif; font-size: 16px;""><br></p>",,pertanyaan-berapa-lama-jangka-waktu-yang-diberikan-kur,FAQ,2021-12-06 02:02:58,2023-03-27 13:09:03,,,
5f5a1f75-00f1-487f-80c2-56946d55b291,Pertanyaan : Berapa besar suku bunga yang diberikan KUR ?,"<ul style=""margin-bottom: 1rem; color: rgb(38, 59, 94); font-family: Quicksand, sans-serif; font-size: 16px;""><li>Suku bunga KUR Supermikro 3% efektif per tahun</li><li>Suku bunga KUR Mikro 6% efektif per tahun&nbsp; dan suku bunga meningkat 1% untuk pengajuan pinjaman kedua dan seterusnya</li><li>Suku bunga KUR Kecil 6% efektif per tahun dan suku bunga meningkat 1% untuk pengajuan pinjaman kedua dan seterusnya</li><li>Suku bunga KUR Penempatan TKI/PMI 6% efektif per tahun</li><li>Suku bunga KUR Khusus 6% efektif per tahun</li></ul>",,pertanyaan-berapa-besar-suku-bunga-yang-diberikan-kur,FAQ,2021-12-06 02:03:29,2023-03-27 13:10:53,,,
fa86e7f3-1dd7-4913-aeda-0f4b10fa9e96,Pertanyaan : Berapa banyak subsidi bunganya ?,"<ul style=""margin-bottom: 1rem; color: rgb(38, 59, 94); font-family: Quicksand, sans-serif; font-size: 16px;""><li>KUR Supermikro: 12% (termasuk didalamnya Imbal Jasa Penjaminan)</li><li>KUR Mikro: 10% (termasuk didalamnya Imbal Jasa Penjaminan)</li><li>KUR Kecil: 5,5% (termasuk didalamnya Imbal Jasa Penjaminan)</li><li>KUR Penempatan TKI: 13,5% (termasuk didalamnya Imbal Jasa Penjaminan dan <i>Collection Fee</i>)</li></ul>",,pertanyaan-berapa-banyak-subsidi-bunganya,FAQ,2021-12-06 02:04:25,2022-05-10 14:48:18,,,
4c8c7b04-de57-493e-b156-093f00d95de1,Pertanyaan : Apa saja sektor yang dibiayai oleh KUR ?,"<span style=""font-weight: bolder; color: rgb(38, 59, 94); font-family: Quicksand, sans-serif; font-size: 16px;"">Sektor Pertanian, Perburuan, dan Kehutanan :</span><span style=""color: rgb(38, 59, 94); font-family: Quicksand, sans-serif; font-size: 16px;""></span><p style=""margin-bottom: 1rem; color: rgb(38, 59, 94); font-family: Quicksand, sans-serif; font-size: 16px;"">Seluruh usaha di sektor pertanian termasuk tanaman pangan, hortikultura, perkebunan, dan peternakan, serta perburuan dan kehutanan. (sektor 1)&nbsp;</p><span style=""font-weight: bolder; color: rgb(38, 59, 94); font-family: Quicksand, sans-serif; font-size: 16px;"">Sektor Kelautan dan Perikanan :</span><span style=""color: rgb(38, 59, 94); font-family: Quicksand, sans-serif; font-size: 16px;""></span><p style=""margin-bottom: 1rem; color: rgb(38, 59, 94); font-family: Quicksand, sans-serif; font-size: 16px;"">Seluruh usaha di sektor kelautan dan perikanan termasuk penangkapan dan pembudidayaan ikan. (sektor 2)</p><span style=""font-weight: bolder; color: rgb(38, 59, 94); font-family: Quicksand, sans-serif; font-size: 16px;"">Sektor Industri Pengolahan :</span><span style=""color: rgb(38, 59, 94); font-family: Quicksand, sans-serif; font-size: 16px;""></span><p style=""margin-bottom: 1rem; color: rgb(38, 59, 94); font-family: Quicksand, sans-serif; font-size: 16px;"">Seluruh usaha di Sektor Industri Pengolahan (sektor 4) yaitu pengolahan bahan mentah menjadi barang setengah jadi/barang jadi, termasuk industri kreatif di bidang periklanan, fesyen, film, animasi, video, dan alat mesin pendukung kegiatan ketahanan pangan.</p><span style=""font-weight: bolder; color: rgb(38, 59, 94); font-family: Quicksand, sans-serif; font-size: 16px;"">Sektor Perdagangan Besar dan Eceran :&nbsp;</span><span style=""color: rgb(38, 59, 94); font-family: Quicksand, sans-serif; font-size: 16px;""></span><p style=""margin-bottom: 1rem; color: rgb(38, 59, 94); font-family: Quicksand, sans-serif; font-size: 16px;"">Seluruh usaha di sektor perdagangan (sektor 7), termasuk pedagang kuliner.</p><span style=""font-weight: bolder; color: rgb(38, 59, 94); font-family: Quicksand, sans-serif; font-size: 16px;"">Jasa-Jasa :</span><span style=""color: rgb(38, 59, 94); font-family: Quicksand, sans-serif; font-size: 16px;""></span><p style=""margin-bottom: 1rem; color: rgb(38, 59, 94); font-family: Quicksand, sans-serif; font-size: 16px;"">Seluruh usaha: sektor penyediaan akomodasi dan penyediaan makanan (sektor 8), sektor transportasi – pergudangan - dan komunikasi (sektor 9), sektor real estate - usaha persewaan - jasa perusahaan (sektor 11), sektor jasa pendidikan (sektor 13), sektor jasa kemasyarakatan – sosial budaya – hiburan – perorangan lainnya (sektor 15).</p><span style=""font-weight: bolder; color: rgb(38, 59, 94); font-family: Quicksand, sans-serif; font-size: 16px;"">Pembiayaan Calon PMI/TKI di luar negeri.&nbsp;</span><br style=""color: rgb(38, 59, 94); font-family: Quicksand, sans-serif; font-size: 16px;""><span style=""font-weight: bolder; color: rgb(38, 59, 94); font-family: Quicksand, sans-serif; font-size: 16px;"">Pembiayaan Calon Peserta Magang di luar negeri.</span>",,pertanyaan-apa-saja-sektor-yang-dibiayai-oleh-kur,FAQ,2021-12-06 02:05:26,2022-05-10 15:02:52,,,
709ab840-0fe5-415e-a775-7791bf49630b,KUR Kecil,"<p class=""MsoNormal"" style=""text-align: left; margin: 0cm; font-family: Calibri, sans-serif; color: rgb(0, 0, 0);""><span lang=""IN"" style=""font-family: Arial, sans-serif;""><font size=""3"">KUR Kecil diberikan kepada penerima KUR dengan jumlah nilai akad/plafon pengajuan kredit di atas Rp 100.000.000,- dan paling banyak Rp 500.000.000,- dengan syarat sebagai berikut:<o:p></o:p></font></span></p><p class=""MsoNormal"" style=""text-align: left; margin: 0cm; font-family: Calibri, sans-serif; color: rgb(0, 0, 0);""><span lang=""IN"" style=""font-family: Arial, sans-serif;""><font size=""3"">&nbsp;</font></span></p><p class=""MsoListParagraphCxSpFirst"" style=""text-align: left; margin: 0cm 0cm 0cm 36pt; font-family: Calibri, sans-serif; color: rgb(0, 0, 0); text-indent: -18pt;""><font size=""3""><span lang=""IN"" style=""font-family: Arial, sans-serif;"">1.<span style=""font-variant-numeric: normal; font-variant-east-asian: normal; font-kerning: auto; font-optical-sizing: auto; font-feature-settings: normal; font-variation-settings: normal; font-stretch: normal; line-height: normal; font-family: &quot;Times New Roman&quot;;"">&nbsp;&nbsp; </span></span><span lang=""IN"" style=""font-family: Arial, sans-serif;"">Usaha Mikro, Kecil, dan Menengah (UMKM) yang memiliki usaha aktif berjalan minimal 6 bulan;<o:p></o:p></span></font></p><p class=""MsoListParagraphCxSpMiddle"" style=""text-align: left; margin: 0cm 0cm 0cm 36pt; font-family: Calibri, sans-serif; color: rgb(0, 0, 0); text-indent: -18pt;""><font size=""3""><span lang=""IN"" style=""font-family: Arial, sans-serif;"">2.<span style=""font-variant-numeric: normal; font-variant-east-asian: normal; font-kerning: auto; font-optical-sizing: auto; font-feature-settings: normal; font-variation-settings: normal; font-stretch: normal; line-height: normal; font-family: &quot;Times New Roman&quot;;"">&nbsp;&nbsp; </span></span><span lang=""IN"" style=""font-family: Arial, sans-serif;"">UMKM dari anggota keluarga dari karyawan/karyawati yang berpenghasilan tetap atau bekerja sebagai Pekerja Migran Indonesia dengan usaha aktif telah berjalan minimal 6 bulan;<o:p></o:p></span></font></p><p class=""MsoListParagraphCxSpMiddle"" style=""text-align: left; margin: 0cm 0cm 0cm 36pt; font-family: Calibri, sans-serif; color: rgb(0, 0, 0); text-indent: -18pt;""><font size=""3""><span lang=""IN"" style=""font-family: Arial, sans-serif;"">3.<span style=""font-variant-numeric: normal; font-variant-east-asian: normal; font-kerning: auto; font-optical-sizing: auto; font-feature-settings: normal; font-variation-settings: normal; font-stretch: normal; line-height: normal; font-family: &quot;Times New Roman&quot;;"">&nbsp;&nbsp; </span></span><span lang=""IN"" style=""font-family: Arial, sans-serif;"">UMKM dari Pekerja Migran Indonesia yang pernah bekerja di luar negeri dengan usaha aktif telah berjalan minimal 6 bulan;<o:p></o:p></span></font></p><p class=""MsoListParagraphCxSpMiddle"" style=""text-align: left; margin: 0cm 0cm 0cm 36pt; font-family: Calibri, sans-serif; color: rgb(0, 0, 0); text-indent: -18pt;""><font size=""3""><span lang=""IN"" style=""font-family: Arial, sans-serif;"">4.<span style=""font-variant-numeric: normal; font-variant-east-asian: normal; font-kerning: auto; font-optical-sizing: auto; font-feature-settings: normal; font-variation-settings: normal; font-stretch: normal; line-height: normal; font-family: &quot;Times New Roman&quot;;"">&nbsp;&nbsp; </span></span><span lang=""IN"" style=""font-family: Arial, sans-serif;"">UMKM di wilayah perbatasan dengan negara lain yang memiliki usaha aktif berjalan minimal 6 bulan;<o:p></o:p></span></font></p><p class=""MsoListParagraphCxSpMiddle"" style=""text-align: left; margin: 0cm 0cm 0cm 36pt; font-family: Calibri, sans-serif; color: rgb(0, 0, 0); text-indent: -18pt;""><font size=""3""><span lang=""IN"" style=""font-family: Arial, sans-serif;"">5.<span style=""font-variant-numeric: normal; font-variant-east-asian: normal; font-kerning: auto; font-optical-sizing: auto; font-feature-settings: normal; font-variation-settings: normal; font-stretch: normal; line-height: normal; font-family: &quot;Times New Roman&quot;;"">&nbsp;&nbsp; </span></span><span lang=""IN"" style=""font-family: Arial, sans-serif;"">UMKM pensiunan Pegawai Negeri Sipil, Tentara Nasional Indonesia dan Kepolisian Negara Republik Indonesia atau yang telah memasuki masa persiapan pensiun dengan usaha aktif telah berjalan minimal 6 bulan;<o:p></o:p></span></font></p><p class=""MsoListParagraphCxSpMiddle"" style=""text-align: left; margin: 0cm 0cm 0cm 36pt; font-family: Calibri, sans-serif; color: rgb(0, 0, 0); text-indent: -18pt;""><font size=""3""><span lang=""IN"" style=""font-family: Arial, sans-serif;"">6.<span style=""font-variant-numeric: normal; font-variant-east-asian: normal; font-kerning: auto; font-optical-sizing: auto; font-feature-settings: normal; font-variation-settings: normal; font-stretch: normal; line-height: normal; font-family: &quot;Times New Roman&quot;;"">&nbsp;&nbsp; </span></span><span lang=""IN"" style=""font-family: Arial, sans-serif;"">&nbsp;UMKM bukan Aparatur Sipil Negara, Tentara Nasional Indonesia dan Kepolisian Negara Republik Indonesia yang memiliki usaha aktif berjalan minimal 6 bulan;<o:p></o:p></span></font></p><p class=""MsoListParagraphCxSpMiddle"" style=""text-align: left; margin: 0cm 0cm 0cm 36pt; font-family: Calibri, sans-serif; color: rgb(0, 0, 0); text-indent: -18pt;""><font size=""3""><span lang=""IN"" style=""font-family: Arial, sans-serif;"">7.<span style=""font-variant-numeric: normal; font-variant-east-asian: normal; font-kerning: auto; font-optical-sizing: auto; font-feature-settings: normal; font-variation-settings: normal; font-stretch: normal; line-height: normal; font-family: &quot;Times New Roman&quot;;"">&nbsp;&nbsp; </span></span><span lang=""IN"" style=""font-family: Arial, sans-serif;"">Kelompok UMKM yang usahanya telah berjalan usaha secara aktif minimal 6 bulan meliputi: 1) Kelompok Usaha; atau 2) Gabungan Kelompok Tani dan Nelayan (Gapoktan)<o:p></o:p></span></font></p><p class=""MsoListParagraphCxSpMiddle"" style=""text-align: left; margin: 0cm 0cm 0cm 36pt; font-family: Calibri, sans-serif; color: rgb(0, 0, 0); text-indent: -18pt;""><font size=""3""><span lang=""IN"" style=""font-family: Arial, sans-serif;"">8.<span style=""font-variant-numeric: normal; font-variant-east-asian: normal; font-kerning: auto; font-optical-sizing: auto; font-feature-settings: normal; font-variation-settings: normal; font-stretch: normal; line-height: normal; font-family: &quot;Times New Roman&quot;;"">&nbsp;&nbsp; </span></span><span lang=""IN"" style=""font-family: Arial, sans-serif;"">Persyaratan administrasi : Identitas berupa KTP, Kartu Keluarga (KK), Surat Ijin Usaha, NPWP<o:p></o:p></span></font></p><p class=""MsoListParagraphCxSpMiddle"" style=""text-align: left; margin: 0cm 0cm 0cm 35.45pt; font-family: Calibri, sans-serif; color: rgb(0, 0, 0); text-indent: -18pt;""><font size=""3""><span lang=""IN"" style=""font-family: Arial, sans-serif;"">9.<span style=""font-variant-numeric: normal; font-variant-east-asian: normal; font-kerning: auto; font-optical-sizing: auto; font-feature-settings: normal; font-variation-settings: normal; font-stretch: normal; line-height: normal; font-family: &quot;Times New Roman&quot;;"">&nbsp;&nbsp; </span></span><span lang=""IN"" style=""font-family: Arial, sans-serif;"">Belum pernah menerima kredit/pembiayaan investasi/ modal kerja komersial kecuali:&nbsp;&nbsp;&nbsp;&nbsp;&nbsp;&nbsp;&nbsp;&nbsp;&nbsp;&nbsp;&nbsp;<o:p></o:p></span></font></p><p class=""MsoListParagraphCxSpMiddle"" style=""text-align: left; margin: 0cm 0cm 0cm 72pt; font-family: Calibri, sans-serif; color: rgb(0, 0, 0); text-indent: -18pt;""><font size=""3""><span lang=""IN"" style=""font-family: &quot;Courier New&quot;;"">o<span style=""font-variant-numeric: normal; font-variant-east-asian: normal; font-kerning: auto; font-optical-sizing: auto; font-feature-settings: normal; font-variation-settings: normal; font-stretch: normal; line-height: normal; font-family: &quot;Times New Roman&quot;;"">&nbsp;&nbsp; </span></span><span lang=""IN"" style=""font-family: Arial, sans-serif;"">kredit/pembiayaan konsumsi untuk keperluan rumah tangga,<o:p></o:p></span></font></p><p class=""MsoListParagraphCxSpMiddle"" style=""text-align: left; margin: 0cm 0cm 0cm 72pt; font-family: Calibri, sans-serif; color: rgb(0, 0, 0); text-indent: -18pt;""><font size=""3""><span lang=""IN"" style=""font-family: &quot;Courier New&quot;;"">o<span style=""font-variant-numeric: normal; font-variant-east-asian: normal; font-kerning: auto; font-optical-sizing: auto; font-feature-settings: normal; font-variation-settings: normal; font-stretch: normal; line-height: normal; font-family: &quot;Times New Roman&quot;;"">&nbsp;&nbsp; </span></span><span lang=""IN"" style=""font-family: Arial, sans-serif;"">kredit/pembiayaan skema/skala ultra mikro atau sejenisnya, dan/atau<o:p></o:p></span></font></p><p class=""MsoListParagraphCxSpMiddle"" style=""text-align: left; margin: 0cm 0cm 0cm 72pt; font-family: Calibri, sans-serif; color: rgb(0, 0, 0); text-indent: -18pt;""><font size=""3""><span lang=""IN"" style=""font-family: &quot;Courier New&quot;;"">o<span style=""font-variant-numeric: normal; font-variant-east-asian: normal; font-kerning: auto; font-optical-sizing: auto; font-feature-settings: normal; font-variation-settings: normal; font-stretch: normal; line-height: normal; font-family: &quot;Times New Roman&quot;;"">&nbsp;&nbsp; </span></span><span lang=""IN"" style=""font-family: Arial, sans-serif;"">pinjaman pada perusahaan layanan pendanaan bersama berbasis teknologi informasi atau perusahaan pembiayaan berbasis digital<o:p></o:p></span></font></p><p class=""MsoListParagraphCxSpMiddle"" style=""text-align: left; margin: 0cm 0cm 0cm 36pt; font-family: Calibri, sans-serif; color: rgb(0, 0, 0); text-indent: -21.8pt;""><font size=""3""><span lang=""IN"" style=""font-family: Arial, sans-serif;"">10.<span style=""font-variant-numeric: normal; font-variant-east-asian: normal; font-kerning: auto; font-optical-sizing: auto; font-feature-settings: normal; font-variation-settings: normal; font-stretch: normal; line-height: normal; font-family: &quot;Times New Roman&quot;;""> </span></span><span lang=""IN"" style=""font-family: Arial, sans-serif;"">Calon Penerima KUR Kecil dapat sedang menerima kredit secara bersamaan dengan kolektibilitas lancar :&nbsp;&nbsp;&nbsp;&nbsp;&nbsp;&nbsp;&nbsp;<o:p></o:p></span></font></p><p class=""MsoListParagraphCxSpMiddle"" style=""text-align: left; margin: 0cm 0cm 0cm 72pt; font-family: Calibri, sans-serif; color: rgb(0, 0, 0); text-indent: -18pt;""><font size=""3""><span lang=""IN"" style=""font-family: &quot;Courier New&quot;;"">o<span style=""font-variant-numeric: normal; font-variant-east-asian: normal; font-kerning: auto; font-optical-sizing: auto; font-feature-settings: normal; font-variation-settings: normal; font-stretch: normal; line-height: normal; font-family: &quot;Times New Roman&quot;;"">&nbsp;&nbsp; </span></span><span lang=""IN"" style=""font-family: Arial, sans-serif;"">KUR pada Penyalur KUR yang sama;<o:p></o:p></span></font></p><p class=""MsoListParagraphCxSpMiddle"" style=""text-align: left; margin: 0cm 0cm 0cm 72pt; font-family: Calibri, sans-serif; color: rgb(0, 0, 0); text-indent: -18pt;""><font size=""3""><span lang=""IN"" style=""font-family: &quot;Courier New&quot;;"">o<span style=""font-variant-numeric: normal; font-variant-east-asian: normal; font-kerning: auto; font-optical-sizing: auto; font-feature-settings: normal; font-variation-settings: normal; font-stretch: normal; line-height: normal; font-family: &quot;Times New Roman&quot;;"">&nbsp;&nbsp; </span></span><span lang=""IN"" style=""font-family: Arial, sans-serif;"">kredit kepemilikan rumah;<o:p></o:p></span></font></p><p class=""MsoListParagraphCxSpMiddle"" style=""text-align: left; margin: 0cm 0cm 0cm 72pt; font-family: Calibri, sans-serif; color: rgb(0, 0, 0); text-indent: -18pt;""><font size=""3""><span lang=""IN"" style=""font-family: &quot;Courier New&quot;;"">o<span style=""font-variant-numeric: normal; font-variant-east-asian: normal; font-kerning: auto; font-optical-sizing: auto; font-feature-settings: normal; font-variation-settings: normal; font-stretch: normal; line-height: normal; font-family: &quot;Times New Roman&quot;;"">&nbsp;&nbsp; </span></span><span lang=""IN"" style=""font-family: Arial, sans-serif;"">kredit atau leasing kendaraan bermotor roda dua&nbsp; untuk tujuan produktif;<o:p></o:p></span></font></p><p class=""MsoListParagraphCxSpMiddle"" style=""text-align: left; margin: 0cm 0cm 0cm 72pt; font-family: Calibri, sans-serif; color: rgb(0, 0, 0); text-indent: -18pt;""><font size=""3""><span lang=""IN"" style=""font-family: &quot;Courier New&quot;;"">o<span style=""font-variant-numeric: normal; font-variant-east-asian: normal; font-kerning: auto; font-optical-sizing: auto; font-feature-settings: normal; font-variation-settings: normal; font-stretch: normal; line-height: normal; font-family: &quot;Times New Roman&quot;;"">&nbsp;&nbsp; </span></span><span lang=""IN"" style=""font-family: Arial, sans-serif;"">kredit dengan jaminan surat keputusan pensiun;<o:p></o:p></span></font></p><p class=""MsoListParagraphCxSpMiddle"" style=""text-align: left; margin: 0cm 0cm 0cm 72pt; font-family: Calibri, sans-serif; color: rgb(0, 0, 0); text-indent: -18pt;""><font size=""3""><span lang=""IN"" style=""font-family: &quot;Courier New&quot;;"">o<span style=""font-variant-numeric: normal; font-variant-east-asian: normal; font-kerning: auto; font-optical-sizing: auto; font-feature-settings: normal; font-variation-settings: normal; font-stretch: normal; line-height: normal; font-family: &quot;Times New Roman&quot;;"">&nbsp;&nbsp; </span></span><span lang=""IN"" style=""font-family: Arial, sans-serif;"">kartu kredit;<o:p></o:p></span></font></p><p class=""MsoListParagraphCxSpMiddle"" style=""text-align: left; margin: 0cm 0cm 0cm 72pt; font-family: Calibri, sans-serif; color: rgb(0, 0, 0); text-indent: -18pt;""><font size=""3""><span lang=""IN"" style=""font-family: &quot;Courier New&quot;;"">o<span style=""font-variant-numeric: normal; font-variant-east-asian: normal; font-kerning: auto; font-optical-sizing: auto; font-feature-settings: normal; font-variation-settings: normal; font-stretch: normal; line-height: normal; font-family: &quot;Times New Roman&quot;;"">&nbsp;&nbsp; </span></span><span lang=""IN"" style=""font-family: Arial, sans-serif;"">kredit resi gudang; dan/ atau<o:p></o:p></span></font></p><p class=""MsoListParagraphCxSpMiddle"" style=""text-align: left; margin: 0cm 0cm 0cm 72pt; font-family: Calibri, sans-serif; color: rgb(0, 0, 0); text-indent: -18pt;""><font size=""3""><span lang=""IN"" style=""font-family: &quot;Courier New&quot;;"">o<span style=""font-variant-numeric: normal; font-variant-east-asian: normal; font-kerning: auto; font-optical-sizing: auto; font-feature-settings: normal; font-variation-settings: normal; font-stretch: normal; line-height: normal; font-family: &quot;Times New Roman&quot;;"">&nbsp;&nbsp; </span></span><span lang=""IN"" style=""font-family: Arial, sans-serif;"">kredit konsumsi untuk keperluan rumah tangga dari bank maupun Lembaga Keuangan Non-Bank sesuai dengan definisi pada per-aturan perundang- undangan.<o:p></o:p></span></font></p><p class=""MsoListParagraphCxSpLast"" style=""text-align: left; margin: 0cm 0cm 0cm 72pt; font-family: Calibri, sans-serif; color: rgb(0, 0, 0);""><span lang=""IN"" style=""font-family: Arial, sans-serif;""><font size=""3"">&nbsp;</font></span></p><p class=""MsoNormal"" style=""text-align: left; margin: 0cm; font-family: Calibri, sans-serif; color: rgb(0, 0, 0);""><span lang=""IN"" style=""font-family: Arial, sans-serif;""><font size=""3"">Ketentuan KUR Kecil:<o:p></o:p></font></span></p><p class=""MsoNormal"" style=""text-align: left; margin: 0cm; font-family: Calibri, sans-serif; color: rgb(0, 0, 0);""><span lang=""IN"" style=""font-family: Arial, sans-serif;""><font size=""3"">&nbsp;</font></span></p><p class=""MsoListParagraphCxSpFirst"" style=""text-align: left; margin: 0cm 0cm 0cm 36pt; font-family: Calibri, sans-serif; color: rgb(0, 0, 0); text-indent: -18pt;""><font size=""3""><span lang=""IN"" style=""font-family: Arial, sans-serif;"">1.<span style=""font-variant-numeric: normal; font-variant-east-asian: normal; font-kerning: auto; font-optical-sizing: auto; font-feature-settings: normal; font-variation-settings: normal; font-stretch: normal; line-height: normal; font-family: &quot;Times New Roman&quot;;"">&nbsp;&nbsp; </span></span><span lang=""IN"" style=""font-family: Arial, sans-serif;"">Suku Bunga/Marjin KUR Kecil:<o:p></o:p></span></font></p><p class=""MsoListParagraphCxSpMiddle"" style=""text-align: left; margin: 0cm 0cm 0cm 72pt; font-family: Calibri, sans-serif; color: rgb(0, 0, 0); text-indent: -18pt;""><font size=""3""><span lang=""IN"" style=""font-family: &quot;Courier New&quot;;"">o<span style=""font-variant-numeric: normal; font-variant-east-asian: normal; font-kerning: auto; font-optical-sizing: auto; font-feature-settings: normal; font-variation-settings: normal; font-stretch: normal; line-height: normal; font-family: &quot;Times New Roman&quot;;"">&nbsp;&nbsp; </span></span><span lang=""IN"" style=""font-family: Arial, sans-serif;"">sebesar 6% (enam persen) efektif per tahun atau disesuaikan dengan Suku Bunga/Marjin flat/anuitas yang setara untuk calon Penerima KUR kecil yang mengakses KUR kecil pertama kal<o:p></o:p></span></font></p><p class=""MsoListParagraphCxSpMiddle"" style=""text-align: left; margin: 0cm 0cm 0cm 72pt; font-family: Calibri, sans-serif; color: rgb(0, 0, 0); text-indent: -18pt;""><font size=""3""><span lang=""IN"" style=""font-family: &quot;Courier New&quot;;"">o<span style=""font-variant-numeric: normal; font-variant-east-asian: normal; font-kerning: auto; font-optical-sizing: auto; font-feature-settings: normal; font-variation-settings: normal; font-stretch: normal; line-height: normal; font-family: &quot;Times New Roman&quot;;"">&nbsp;&nbsp; </span></span><span lang=""IN"" style=""font-family: Arial, sans-serif;"">sebesar 7%&nbsp; efektif per tahun atau disesuaikan dengan Suku Bunga/Marjin flat/anuitas yang setara untuk calon Penerima KUR kecil yang mengakses KUR kecil kedua kali; dan<o:p></o:p></span></font></p><p class=""MsoListParagraphCxSpMiddle"" style=""text-align: left; margin: 0cm 0cm 0cm 72pt; font-family: Calibri, sans-serif; color: rgb(0, 0, 0); text-indent: -18pt;""><font size=""3""><span lang=""IN"" style=""font-family: &quot;Courier New&quot;;"">o<span style=""font-variant-numeric: normal; font-variant-east-asian: normal; font-kerning: auto; font-optical-sizing: auto; font-feature-settings: normal; font-variation-settings: normal; font-stretch: normal; line-height: normal; font-family: &quot;Times New Roman&quot;;"">&nbsp;&nbsp; </span></span><span lang=""IN"" style=""font-family: Arial, sans-serif;"">sebesar 8% (delapan persen) efektif per tahun atau disesuaikan dengan Suku Bunga/Marjin flat/anuitas yang setara untuk calon Penerima KUR kecil yang mengakses KUR kecil ketiga kali;<o:p></o:p></span></font></p><p class=""MsoListParagraphCxSpMiddle"" style=""text-align: left; margin: 0cm 0cm 0cm 72pt; font-family: Calibri, sans-serif; color: rgb(0, 0, 0); text-indent: -18pt;""><font size=""3""><span lang=""IN"" style=""font-family: &quot;Courier New&quot;;"">o<span style=""font-variant-numeric: normal; font-variant-east-asian: normal; font-kerning: auto; font-optical-sizing: auto; font-feature-settings: normal; font-variation-settings: normal; font-stretch: normal; line-height: normal; font-family: &quot;Times New Roman&quot;;"">&nbsp;&nbsp; </span></span><span lang=""IN"" style=""font-family: Arial, sans-serif;"">sebesar 9% (sembilan persen) efektif per tahun atau disesuaikan dengan Suku Bunga/Marjin flat/anuitas yang setara untuk calon Penerima KUR kecil yang mengakses KUR kecil keempat kali.<o:p></o:p></span></font></p><p class=""MsoListParagraphCxSpMiddle"" style=""text-align: left; margin: 0cm 0cm 0cm 36pt; font-family: Calibri, sans-serif; color: rgb(0, 0, 0); text-indent: -18pt;""><font size=""3""><span lang=""IN"" style=""font-family: Arial, sans-serif;"">2.<span style=""font-variant-numeric: normal; font-variant-east-asian: normal; font-kerning: auto; font-optical-sizing: auto; font-feature-settings: normal; font-variation-settings: normal; font-stretch: normal; line-height: normal; font-family: &quot;Times New Roman&quot;;"">&nbsp;&nbsp; </span></span><span lang=""IN"" style=""font-family: Arial, sans-serif;"">Jangka waktu KUR Kecil:<o:p></o:p></span></font></p><p class=""MsoListParagraphCxSpMiddle"" style=""text-align: left; margin: 0cm 0cm 0cm 72pt; font-family: Calibri, sans-serif; color: rgb(0, 0, 0); text-indent: -18pt;""><font size=""3""><span lang=""IN"" style=""font-family: &quot;Courier New&quot;;"">o<span style=""font-variant-numeric: normal; font-variant-east-asian: normal; font-kerning: auto; font-optical-sizing: auto; font-feature-settings: normal; font-variation-settings: normal; font-stretch: normal; line-height: normal; font-family: &quot;Times New Roman&quot;;"">&nbsp;&nbsp; </span></span><span lang=""IN"" style=""font-family: Arial, sans-serif;"">Paling lama 4 (empat) tahun untuk kredit/ pembiayaan modal kerja; atau<o:p></o:p></span></font></p><p class=""MsoListParagraphCxSpMiddle"" style=""text-align: left; margin: 0cm 0cm 0cm 72pt; font-family: Calibri, sans-serif; color: rgb(0, 0, 0); text-indent: -18pt;""><font size=""3""><span lang=""IN"" style=""font-family: &quot;Courier New&quot;;"">o<span style=""font-variant-numeric: normal; font-variant-east-asian: normal; font-kerning: auto; font-optical-sizing: auto; font-feature-settings: normal; font-variation-settings: normal; font-stretch: normal; line-height: normal; font-family: &quot;Times New Roman&quot;;"">&nbsp;&nbsp; </span></span><span lang=""EN-US"" style=""font-family: Arial, sans-serif;"">P</span><span lang=""IN"" style=""font-family: Arial, sans-serif;"">aling lama 5 (lima) tahun untuk kredit/pembiayaan investasi, dengan grace periode sesuai dengan penilaian Penyalur KUR.<o:p></o:p></span></font></p><p class=""MsoListParagraphCxSpLast"" style=""text-align: left; margin: 0cm 0cm 0cm 36pt; font-family: Calibri, sans-serif; color: rgb(0, 0, 0); text-indent: -18pt;""><font size=""3""><span lang=""IN"" style=""font-family: Arial, sans-serif;"">3.<span style=""font-variant-numeric: normal; font-variant-east-asian: normal; font-kerning: auto; font-optical-sizing: auto; font-feature-settings: normal; font-variation-settings: normal; font-stretch: normal; line-height: normal; font-family: &quot;Times New Roman&quot;;"">&nbsp;&nbsp; </span></span><span lang=""IN"" style=""font-family: Arial, sans-serif;"">Dalam hal skema pembayaran KUR kecil, penerima KUR dapat melakukan pembayaran pokok dan suku bunga/marjin KUR Kecil secara angsuran berkala dan/atau pembayaran sekaligus saat jatuh tempo sesuai dengan kesepakatan antara Penerima KUR dan Penyalur KUR dengan memerhatikan kebutuhan skema pembiayaan masing-masing Penerima KUR.<o:p></o:p></span></font></p><p class=""MsoNormal"" style=""text-align: left; margin: 0cm; font-family: Calibri, sans-serif; color: rgb(0, 0, 0);""><span lang=""IN"" style=""font-family: Arial, sans-serif;""><font size=""3"">&nbsp;</font></span></p>",https://kur.jogjaprov.go.id/storage/page/fc46d07a501171a6f8d8cc98fe0d4fc6_1694411951_300px.jpeg,kur-kecil,REQUIREMENT,2021-12-08 04:00:38,2023-09-11 13:59:11,,"KUR Kecil diberikan kepada penerima KUR dengan jumlah nilai akad/plafon pengajuan kredit di atas Rp 100.000.000,- dan paling banyak Rp 500.000.000,-",
17718726-b769-4148-b88b-313f052cbdc4,KUR Mikro,"<p class=""MsoNormal"" style=""text-align: left; margin: 0cm; font-family: Calibri, sans-serif; color: rgb(0, 0, 0);""><font size=""3""><span style=""font-family: Arial, sans-serif;"">KUR Kecil diberikan kepada penerima KUR dengan jumlah nilai akad/plafon pengajuan kredit di atas Rp 100.000.000,- dan paling banyak Rp 500.000.000,-<span style=""background: rgb(248, 249, 250);"">&nbsp;dengan syarat sebagai berikut:</span></span><span style=""font-family: Arial, sans-serif; color: rgb(85, 85, 85);""><o:p></o:p></span></font></p><p class=""MsoNormal"" style=""margin: 0cm 0cm 0cm 36pt; font-family: Calibri, sans-serif; color: rgb(0, 0, 0); text-indent: -18pt;""><font size=""3""><span style=""font-family: Arial, sans-serif;"">1.<span style=""font-variant-numeric: normal; font-variant-east-asian: normal; font-kerning: auto; font-optical-sizing: auto; font-feature-settings: normal; font-variation-settings: normal; font-stretch: normal; line-height: normal; font-family: &quot;Times New Roman&quot;;"">&nbsp;&nbsp; </span></span><span style=""font-family: Arial, sans-serif;"">Usaha Mikro, Kecil, dan Menengah (UMKM) yang memiliki usaha aktif berjalan minimal 6 bulan;<o:p></o:p></span></font></p><p class=""MsoNormal"" style=""text-align: left; margin: 0cm 0cm 0cm 36pt; font-family: Calibri, sans-serif; color: rgb(0, 0, 0); text-indent: -18pt;""><font size=""3""><span style=""font-family: Arial, sans-serif;"">2.<span style=""font-variant-numeric: normal; font-variant-east-asian: normal; font-kerning: auto; font-optical-sizing: auto; font-feature-settings: normal; font-variation-settings: normal; font-stretch: normal; line-height: normal; font-family: &quot;Times New Roman&quot;;"">&nbsp;&nbsp; </span></span><span style=""font-family: Arial, sans-serif;"">UMKM dari anggota keluarga dari karyawan/karyawati yang berpenghasilan tetap atau bekerja sebagai Pekerja Migran Indonesia dengan usaha aktif telah berjalan minimal 6 bulan;&nbsp;<o:p></o:p></span></font></p><p class=""MsoNormal"" style=""text-align: left; margin: 0cm 0cm 0cm 36pt; font-family: Calibri, sans-serif; color: rgb(0, 0, 0); text-indent: -18pt;""><font size=""3""><span style=""font-family: Arial, sans-serif;"">3.<span style=""font-variant-numeric: normal; font-variant-east-asian: normal; font-kerning: auto; font-optical-sizing: auto; font-feature-settings: normal; font-variation-settings: normal; font-stretch: normal; line-height: normal; font-family: &quot;Times New Roman&quot;;"">&nbsp;&nbsp; </span></span><span style=""font-family: Arial, sans-serif;"">UMKM dari Pekerja Migran Indonesia yang pernah bekerja di luar negeri&nbsp;dengan&nbsp;usaha aktif telah berjalan minimal 6 bulan;<o:p></o:p></span></font></p><p class=""MsoNormal"" style=""text-align: left; margin: 0cm 0cm 0cm 36pt; font-family: Calibri, sans-serif; color: rgb(0, 0, 0); text-indent: -18pt;""><font size=""3""><span style=""font-family: Arial, sans-serif;"">4.<span style=""font-variant-numeric: normal; font-variant-east-asian: normal; font-kerning: auto; font-optical-sizing: auto; font-feature-settings: normal; font-variation-settings: normal; font-stretch: normal; line-height: normal; font-family: &quot;Times New Roman&quot;;"">&nbsp;&nbsp; </span></span><span style=""font-family: Arial, sans-serif;"">UMKM di wilayah perbatasan dengan negara lain yang&nbsp;memiliki usaha aktif berjalan minimal 6 bulan;<o:p></o:p></span></font></p><p class=""MsoNormal"" style=""text-align: left; margin: 0cm 0cm 0cm 36pt; font-family: Calibri, sans-serif; color: rgb(0, 0, 0); text-indent: -18pt;""><font size=""3""><span style=""font-family: Arial, sans-serif;"">5.<span style=""font-variant-numeric: normal; font-variant-east-asian: normal; font-kerning: auto; font-optical-sizing: auto; font-feature-settings: normal; font-variation-settings: normal; font-stretch: normal; line-height: normal; font-family: &quot;Times New Roman&quot;;"">&nbsp;&nbsp; </span></span><span style=""font-family: Arial, sans-serif;"">UMKM pensiunan Pegawai Negeri Sipil, Tentara Nasional Indonesia dan Kepolisian Negara Republik Indonesia atau yang telah memasuki masa persiapan pensiun dengan&nbsp;usaha aktif telah berjalan minimal 6 bulan;<o:p></o:p></span></font></p><p class=""MsoNormal"" style=""text-align: left; margin: 0cm 0cm 0cm 36pt; font-family: Calibri, sans-serif; color: rgb(0, 0, 0); text-indent: -18pt;""><font size=""3""><span style=""font-family: Arial, sans-serif;"">6.<span style=""font-variant-numeric: normal; font-variant-east-asian: normal; font-kerning: auto; font-optical-sizing: auto; font-feature-settings: normal; font-variation-settings: normal; font-stretch: normal; line-height: normal; font-family: &quot;Times New Roman&quot;;"">&nbsp;&nbsp; </span></span><span style=""font-family: Arial, sans-serif;"">&nbsp;UMKM bukan Aparatur Sipil Negara, Tentara Nasional Indonesia dan Kepolisian Negara Republik Indonesia yang&nbsp;memiliki usaha aktif berjalan minimal 6 bulan;<o:p></o:p></span></font></p><p class=""MsoNormal"" style=""text-align: left; margin: 0cm 0cm 0cm 36pt; font-family: Calibri, sans-serif; color: rgb(0, 0, 0); text-indent: -18pt;""><font size=""3""><span style=""font-family: Arial, sans-serif;"">7.<span style=""font-variant-numeric: normal; font-variant-east-asian: normal; font-kerning: auto; font-optical-sizing: auto; font-feature-settings: normal; font-variation-settings: normal; font-stretch: normal; line-height: normal; font-family: &quot;Times New Roman&quot;;"">&nbsp;&nbsp; </span></span><span style=""font-family: Arial, sans-serif;"">Kelompok UMKM yang usahanya&nbsp;telah berjalan usaha secara aktif minimal 6 bulan&nbsp;meliputi: 1) Kelompok Usaha; atau 2) Gabungan Kelompok Tani dan Nelayan (Gapoktan)<o:p></o:p></span></font></p><p class=""MsoNormal"" style=""text-align: left; margin: 0cm 0cm 0cm 36pt; font-family: Calibri, sans-serif; color: rgb(0, 0, 0); text-indent: -18pt;""><font size=""3""><span style=""font-family: Arial, sans-serif;"">8.<span style=""font-variant-numeric: normal; font-variant-east-asian: normal; font-kerning: auto; font-optical-sizing: auto; font-feature-settings: normal; font-variation-settings: normal; font-stretch: normal; line-height: normal; font-family: &quot;Times New Roman&quot;;"">&nbsp;&nbsp; </span></span><span style=""font-family: Arial, sans-serif;"">Persyaratan administrasi : Identitas berupa KTP, Kartu Keluarga (KK), Surat Ijin Usaha, NPWP&nbsp;<o:p></o:p></span></font></p><p class=""MsoNormal"" style=""text-align: left; margin: 0cm 0cm 0cm 36pt; font-family: Calibri, sans-serif; color: rgb(0, 0, 0); text-indent: -18pt;""><font size=""3""><span style=""font-family: Arial, sans-serif;"">9.<span style=""font-variant-numeric: normal; font-variant-east-asian: normal; font-kerning: auto; font-optical-sizing: auto; font-feature-settings: normal; font-variation-settings: normal; font-stretch: normal; line-height: normal; font-family: &quot;Times New Roman&quot;;"">&nbsp;&nbsp; </span></span><span style=""font-family: Arial, sans-serif;"">Belum pernah menerima<span style=""letter-spacing: 0.05pt;"">&nbsp;</span>kredit/pembiayaan&nbsp;investasi/ modal<span style=""letter-spacing: 3.05pt;"">&nbsp;</span>kerja<span style=""letter-spacing: 3.05pt;"">&nbsp;</span>komersial kecuali:<span style=""letter-spacing: -2.9pt;"">&nbsp; &nbsp; &nbsp; &nbsp; &nbsp; &nbsp;&nbsp;</span><o:p></o:p></span></font></p><p class=""MsoNormal"" style=""margin: 0cm 0cm 0cm 72pt; font-family: Calibri, sans-serif; color: rgb(0, 0, 0); text-indent: -18pt;""><font size=""3""><span style=""font-family: &quot;Courier New&quot;;"">o<span style=""font-variant-numeric: normal; font-variant-east-asian: normal; font-kerning: auto; font-optical-sizing: auto; font-feature-settings: normal; font-variation-settings: normal; font-stretch: normal; line-height: normal; font-family: &quot;Times New Roman&quot;;"">&nbsp;&nbsp; </span></span><span style=""font-family: Arial, sans-serif;"">kredit/pembiayaan<span style=""letter-spacing: 0.05pt;"">&nbsp;</span>konsumsi<span style=""letter-spacing: 0.05pt;"">&nbsp;</span>untuk<span style=""letter-spacing: 0.05pt;"">&nbsp;</span>keperluan<span style=""letter-spacing: 0.05pt;"">&nbsp;</span>rumah<span style=""letter-spacing: 0.75pt;"">&nbsp;</span>tangga,&nbsp;<o:p></o:p></span></font></p><p class=""MsoNormal"" style=""margin: 0cm 0cm 0cm 72pt; font-family: Calibri, sans-serif; color: rgb(0, 0, 0); text-indent: -18pt;""><font size=""3""><span style=""font-family: &quot;Courier New&quot;;"">o<span style=""font-variant-numeric: normal; font-variant-east-asian: normal; font-kerning: auto; font-optical-sizing: auto; font-feature-settings: normal; font-variation-settings: normal; font-stretch: normal; line-height: normal; font-family: &quot;Times New Roman&quot;;"">&nbsp;&nbsp; </span></span><span style=""font-family: Arial, sans-serif;"">kredit/pembiayaan<span style=""letter-spacing: 0.05pt;"">&nbsp;</span>skema/skala<span style=""letter-spacing: 0.05pt;"">&nbsp;</span>ultra<span style=""letter-spacing: 0.05pt;"">&nbsp;</span>mikro<span style=""letter-spacing: 0.05pt;"">&nbsp;</span>atau<span style=""letter-spacing: 0.05pt;"">&nbsp;</span>sejenisnya,<span style=""letter-spacing: 0.75pt;"">&nbsp;</span>dan/atau&nbsp;<o:p></o:p></span></font></p><p class=""MsoNormal"" style=""margin: 0cm 0cm 0cm 72pt; font-family: Calibri, sans-serif; color: rgb(0, 0, 0); text-indent: -18pt;""><font size=""3""><span style=""font-family: &quot;Courier New&quot;;"">o<span style=""font-variant-numeric: normal; font-variant-east-asian: normal; font-kerning: auto; font-optical-sizing: auto; font-feature-settings: normal; font-variation-settings: normal; font-stretch: normal; line-height: normal; font-family: &quot;Times New Roman&quot;;"">&nbsp;&nbsp; </span></span><span style=""font-family: Arial, sans-serif;"">pinjaman<span style=""letter-spacing: 3.05pt;"">&nbsp;</span>pada<span style=""letter-spacing: 3.05pt;"">&nbsp;</span>perusahaan<span style=""letter-spacing: 3.05pt;"">&nbsp;</span>layanan<span style=""letter-spacing: 3.05pt;"">&nbsp;</span>pendanaan<span style=""letter-spacing: 0.05pt;"">&nbsp;</span>bersama<span style=""letter-spacing: 0.05pt;"">&nbsp;</span>berbasis<span style=""letter-spacing: 0.05pt;"">&nbsp;</span>teknologi<span style=""letter-spacing: 0.05pt;"">&nbsp;</span>informasi<span style=""letter-spacing: 0.05pt;"">&nbsp;</span>atau<span style=""letter-spacing: 0.05pt;"">&nbsp;</span>perusahaan<span style=""letter-spacing: 0.65pt;"">&nbsp;</span>pembiayaan<span style=""letter-spacing: 0.65pt;"">&nbsp;</span>berbasis<span style=""letter-spacing: 0.65pt;"">&nbsp;</span>digital<o:p></o:p></span></font></p><p class=""MsoNormal"" style=""text-align: left; margin: 0cm 0cm 0cm 36pt; font-family: Calibri, sans-serif; color: rgb(0, 0, 0); text-indent: -18pt;""><font size=""3""><span style=""font-family: Arial, sans-serif;"">10.<span style=""font-variant-numeric: normal; font-variant-east-asian: normal; font-kerning: auto; font-optical-sizing: auto; font-feature-settings: normal; font-variation-settings: normal; font-stretch: normal; line-height: normal; font-family: &quot;Times New Roman&quot;;"">&nbsp;&nbsp;&nbsp;&nbsp;&nbsp;&nbsp;&nbsp;&nbsp;&nbsp;&nbsp;&nbsp;&nbsp;&nbsp;&nbsp;&nbsp;&nbsp; </span></span><span style=""font-family: Arial, sans-serif;"">Calon<span style=""letter-spacing: 0.05pt;"">&nbsp;</span>Penerima<span style=""letter-spacing: 0.05pt;"">&nbsp;</span>KUR<span style=""letter-spacing: 0.05pt;"">&nbsp;Kecil&nbsp;</span>dapat<span style=""letter-spacing: 0.05pt;"">&nbsp;</span>sedang<span style=""letter-spacing: 0.05pt;"">&nbsp;</span>menerima<span style=""letter-spacing: 0.05pt;"">&nbsp;</span>kredit<span style=""letter-spacing: 0.05pt;"">&nbsp;</span>secara<span style=""letter-spacing: 0.05pt;"">&nbsp;</span>bersamaan<span style=""letter-spacing: 0.05pt;"">&nbsp;</span>dengan<span style=""letter-spacing: 0.05pt;"">&nbsp;</span>kolektibilitas<span style=""letter-spacing: 0.05pt;"">&nbsp;</span>lancar :<span style=""letter-spacing: -2.9pt;"">&nbsp; &nbsp; &nbsp; &nbsp;&nbsp;</span><o:p></o:p></span></font></p><p class=""MsoNormal"" style=""margin: 0cm 0cm 0cm 72pt; font-family: Calibri, sans-serif; color: rgb(0, 0, 0); text-indent: -18pt;""><font size=""3""><span style=""font-family: &quot;Courier New&quot;;"">o<span style=""font-variant-numeric: normal; font-variant-east-asian: normal; font-kerning: auto; font-optical-sizing: auto; font-feature-settings: normal; font-variation-settings: normal; font-stretch: normal; line-height: normal; font-family: &quot;Times New Roman&quot;;"">&nbsp;&nbsp; </span></span><span style=""font-family: Arial, sans-serif;"">KUR<span style=""letter-spacing: 0.7pt;"">&nbsp;</span>pada<span style=""letter-spacing: 0.65pt;"">&nbsp;</span>Penyalur<span style=""letter-spacing: 0.7pt;"">&nbsp;</span>KUR<span style=""letter-spacing: 0.75pt;"">&nbsp;</span>yang<span style=""letter-spacing: 0.65pt;"">&nbsp;</span>sama;<o:p></o:p></span></font></p><p class=""MsoNormal"" style=""text-align: left; margin: 0cm 0cm 0cm 72pt; font-family: Calibri, sans-serif; color: rgb(0, 0, 0); text-indent: -18pt;""><font size=""3""><span style=""font-family: &quot;Courier New&quot;;"">o<span style=""font-variant-numeric: normal; font-variant-east-asian: normal; font-kerning: auto; font-optical-sizing: auto; font-feature-settings: normal; font-variation-settings: normal; font-stretch: normal; line-height: normal; font-family: &quot;Times New Roman&quot;;"">&nbsp;&nbsp; </span></span><span style=""font-family: Arial, sans-serif;"">kredit<span style=""letter-spacing: -0.05pt;"">&nbsp;</span>kepemilikan rumah;<o:p></o:p></span></font></p><p class=""MsoNormal"" style=""text-align: left; margin: 0cm 0cm 0cm 72pt; font-family: Calibri, sans-serif; color: rgb(0, 0, 0); text-indent: -18pt;""><font size=""3""><span style=""font-family: &quot;Courier New&quot;;"">o<span style=""font-variant-numeric: normal; font-variant-east-asian: normal; font-kerning: auto; font-optical-sizing: auto; font-feature-settings: normal; font-variation-settings: normal; font-stretch: normal; line-height: normal; font-family: &quot;Times New Roman&quot;;"">&nbsp;&nbsp; </span></span><span style=""font-family: Arial, sans-serif;"">kredit<span style=""letter-spacing: 2.7pt;"">&nbsp;</span>atau<span style=""letter-spacing: 2.75pt;"">&nbsp;</span><i>leasing<span style=""letter-spacing: 2.85pt;"">&nbsp;</span></i>kendaraan<span style=""letter-spacing: 2.75pt;"">&nbsp;</span>bermotor<span style=""letter-spacing: 2.7pt;"">&nbsp;</span>roda<span style=""letter-spacing: 2.7pt;"">&nbsp;</span>dua&nbsp;<span style=""letter-spacing: -2.9pt;"">&nbsp;</span>untuk<span style=""letter-spacing: 0.75pt;"">&nbsp;</span>tujuan<span style=""letter-spacing: 0.8pt;"">&nbsp;</span>produktif;<o:p></o:p></span></font></p><p class=""MsoNormal"" style=""text-align: left; margin: 0cm 0cm 0cm 72pt; font-family: Calibri, sans-serif; color: rgb(0, 0, 0); text-indent: -18pt;""><font size=""3""><span style=""font-family: &quot;Courier New&quot;;"">o<span style=""font-variant-numeric: normal; font-variant-east-asian: normal; font-kerning: auto; font-optical-sizing: auto; font-feature-settings: normal; font-variation-settings: normal; font-stretch: normal; line-height: normal; font-family: &quot;Times New Roman&quot;;"">&nbsp;&nbsp; </span></span><span style=""font-family: Arial, sans-serif;"">kredit<span style=""letter-spacing: 0.75pt;"">&nbsp;</span>dengan<span style=""letter-spacing: 0.75pt;"">&nbsp;</span>jaminan<span style=""letter-spacing: 0.75pt;"">&nbsp;</span>surat<span style=""letter-spacing: 0.75pt;"">&nbsp;</span>keputusan<span style=""letter-spacing: 0.75pt;"">&nbsp;</span>pensiun;<o:p></o:p></span></font></p><p class=""MsoNormal"" style=""text-align: left; margin: 0cm 0cm 0cm 72pt; font-family: Calibri, sans-serif; color: rgb(0, 0, 0); text-indent: -18pt;""><font size=""3""><span style=""font-family: &quot;Courier New&quot;;"">o<span style=""font-variant-numeric: normal; font-variant-east-asian: normal; font-kerning: auto; font-optical-sizing: auto; font-feature-settings: normal; font-variation-settings: normal; font-stretch: normal; line-height: normal; font-family: &quot;Times New Roman&quot;;"">&nbsp;&nbsp; </span></span><span style=""font-family: Arial, sans-serif;"">kartu<span style=""letter-spacing: 0.15pt;"">&nbsp;</span>kredit;<o:p></o:p></span></font></p><p class=""MsoNormal"" style=""text-align: left; margin: 0cm 0cm 0cm 72pt; font-family: Calibri, sans-serif; color: rgb(0, 0, 0); text-indent: -18pt;""><font size=""3""><span style=""font-family: &quot;Courier New&quot;;"">o<span style=""font-variant-numeric: normal; font-variant-east-asian: normal; font-kerning: auto; font-optical-sizing: auto; font-feature-settings: normal; font-variation-settings: normal; font-stretch: normal; line-height: normal; font-family: &quot;Times New Roman&quot;;"">&nbsp;&nbsp; </span></span><span style=""font-family: Arial, sans-serif;"">kredit<span style=""letter-spacing: 0.6pt;"">&nbsp;</span>resi<span style=""letter-spacing: 0.6pt;"">&nbsp;</span>gudang;<span style=""letter-spacing: 0.7pt;"">&nbsp;</span>dan/<span style=""letter-spacing: 0.6pt;"">&nbsp;</span>atau<o:p></o:p></span></font></p><p class=""MsoNormal"" style=""text-align: left; margin: 0cm 0cm 0cm 72pt; font-family: Calibri, sans-serif; color: rgb(0, 0, 0); text-indent: -18pt;""><font size=""3""><span style=""font-family: &quot;Courier New&quot;;"">o<span style=""font-variant-numeric: normal; font-variant-east-asian: normal; font-kerning: auto; font-optical-sizing: auto; font-feature-settings: normal; font-variation-settings: normal; font-stretch: normal; line-height: normal; font-family: &quot;Times New Roman&quot;;"">&nbsp;&nbsp;</span></span><span style=""font-family: Arial, sans-serif;"">kredit<span style=""letter-spacing: -0.45pt;"">&nbsp;</span>konsumsi<span style=""letter-spacing: -0.4pt;"">&nbsp;</span>untuk<span style=""letter-spacing: -0.4pt;"">&nbsp;</span>keperluan<span style=""letter-spacing: -0.45pt;"">&nbsp;</span>rumah<span style=""letter-spacing: -0.4pt;"">&nbsp;</span>tangga<span style=""letter-spacing: -0.4pt;"">&nbsp;</span>dari&nbsp;<span style=""letter-spacing: -2.95pt;"">&nbsp;</span>bank maupun Lembaga Keuangan Non-Bank sesuai<span style=""letter-spacing: 0.05pt;"">&nbsp;</span>dengan<span style=""letter-spacing: 0.05pt;"">&nbsp;</span>definisi<span style=""letter-spacing: 0.05pt;"">&nbsp;</span>pada<span style=""letter-spacing: 0.05pt;"">&nbsp;</span>per-aturan<span style=""letter-spacing: 0.05pt;"">&nbsp;</span>perundang-<span style=""letter-spacing: -2.9pt;"">&nbsp;</span>undangan.<o:p></o:p></span></font></p><p class=""MsoNormal"" style=""text-align: left; margin: 0cm; font-family: Calibri, sans-serif; color: rgb(0, 0, 0);""><font size=""3""><span style=""font-family: Arial, sans-serif;"">Ketentuan KUR Kecil:</span><span style=""font-family: Arial, sans-serif; color: rgb(85, 85, 85);""><o:p></o:p></span></font></p><p class=""MsoNormal"" style=""text-align: left; margin: 0cm 0cm 0cm 36pt; font-family: Calibri, sans-serif; color: rgb(0, 0, 0); text-indent: -18pt;""><font size=""3""><span style=""font-family: Arial, sans-serif;"">1.<span style=""font-variant-numeric: normal; font-variant-east-asian: normal; font-kerning: auto; font-optical-sizing: auto; font-feature-settings: normal; font-variation-settings: normal; font-stretch: normal; line-height: normal; font-family: &quot;Times New Roman&quot;;"">&nbsp;&nbsp; </span></span><span style=""font-family: Arial, sans-serif;"">Suku<span style=""letter-spacing: 1.35pt;"">&nbsp;</span>Bunga/Marjin<span style=""letter-spacing: 1.35pt;"">&nbsp;</span>KUR<span style=""letter-spacing: 1.4pt;"">&nbsp;</span>Kecil:<o:p></o:p></span></font></p><p class=""MsoNormal"" style=""text-align: left; margin: 0cm 0cm 0cm 72pt; font-family: Calibri, sans-serif; color: rgb(0, 0, 0); text-indent: -18pt;""><font size=""3""><span style=""font-family: &quot;Courier New&quot;;"">o<span style=""font-variant-numeric: normal; font-variant-east-asian: normal; font-kerning: auto; font-optical-sizing: auto; font-feature-settings: normal; font-variation-settings: normal; font-stretch: normal; line-height: normal; font-family: &quot;Times New Roman&quot;;"">&nbsp;&nbsp; </span></span><span style=""font-family: Arial, sans-serif;"">sebesar 6% (enam persen) efektif per tahun atau<span style=""letter-spacing: 0.05pt;"">&nbsp;</span>disesuaikan<span style=""letter-spacing: 0.05pt;"">&nbsp;</span>dengan<span style=""letter-spacing: 3.05pt;"">&nbsp;</span>Suku<span style=""letter-spacing: 3.05pt;"">&nbsp;</span>Bunga/Marjin<span style=""letter-spacing: 0.05pt;"">&nbsp;</span><i>flat</i>/anuitas yang setara untuk calon Penerima KUR<span style=""letter-spacing: 0.05pt;"">&nbsp;</span>kecil<span style=""letter-spacing: 0.55pt;"">&nbsp;</span>yang<span style=""letter-spacing: 0.55pt;"">&nbsp;</span>mengakses<span style=""letter-spacing: 0.6pt;"">&nbsp;</span>KUR<span style=""letter-spacing: 0.6pt;"">&nbsp;</span>kecil<span style=""letter-spacing: 0.55pt;"">&nbsp;</span>pertama<span style=""letter-spacing: 0.55pt;"">&nbsp;</span>kal<o:p></o:p></span></font></p><p class=""MsoNormal"" style=""text-align: left; margin: 0cm 0cm 0cm 72pt; font-family: Calibri, sans-serif; color: rgb(0, 0, 0); text-indent: -18pt;""><font size=""3""><span style=""font-family: &quot;Courier New&quot;;"">o<span style=""font-variant-numeric: normal; font-variant-east-asian: normal; font-kerning: auto; font-optical-sizing: auto; font-feature-settings: normal; font-variation-settings: normal; font-stretch: normal; line-height: normal; font-family: &quot;Times New Roman&quot;;"">&nbsp;&nbsp; </span></span><span style=""font-family: Arial, sans-serif;"">sebesar<span style=""letter-spacing: 0.05pt;"">&nbsp;</span>7%<span style=""letter-spacing: 0.05pt;"">&nbsp;&nbsp;</span>efektif<span style=""letter-spacing: 0.05pt;"">&nbsp;</span>per<span style=""letter-spacing: 0.05pt;"">&nbsp;</span>tahun<span style=""letter-spacing: 0.05pt;"">&nbsp;</span>atau<span style=""letter-spacing: -2.9pt;"">&nbsp;</span>disesuaikan<span style=""letter-spacing: 0.05pt;"">&nbsp;</span>dengan<span style=""letter-spacing: 3.05pt;"">&nbsp;</span>Suku<span style=""letter-spacing: 3.05pt;"">&nbsp;</span>Bunga/Marjin<span style=""letter-spacing: 0.05pt;"">&nbsp;</span><i>flat</i>/anuitas yang setara untuk calon Penerima KUR<span style=""letter-spacing: 0.05pt;"">&nbsp;</span>kecil<span style=""letter-spacing: 0.6pt;"">&nbsp;</span>yang<span style=""letter-spacing: 0.65pt;"">&nbsp;</span>mengakses<span style=""letter-spacing: 0.65pt;"">&nbsp;</span>KUR<span style=""letter-spacing: 0.7pt;"">&nbsp;</span>kecil<span style=""letter-spacing: 0.6pt;"">&nbsp;</span>kedua<span style=""letter-spacing: 0.65pt;"">&nbsp;</span>kali;<span style=""letter-spacing: 0.65pt;"">&nbsp;</span>dan<o:p></o:p></span></font></p><p class=""MsoNormal"" style=""text-align: left; margin: 0cm 0cm 0cm 72pt; font-family: Calibri, sans-serif; color: rgb(0, 0, 0); text-indent: -18pt;""><font size=""3""><span style=""font-family: &quot;Courier New&quot;;"">o<span style=""font-variant-numeric: normal; font-variant-east-asian: normal; font-kerning: auto; font-optical-sizing: auto; font-feature-settings: normal; font-variation-settings: normal; font-stretch: normal; line-height: normal; font-family: &quot;Times New Roman&quot;;"">&nbsp;&nbsp; </span></span><span style=""font-family: Arial, sans-serif;"">sebesar 8% (delapan persen) efektif per tahun atau<span style=""letter-spacing: 0.05pt;"">&nbsp;</span>disesuaikan<span style=""letter-spacing: 0.05pt;"">&nbsp;</span>dengan<span style=""letter-spacing: 3.05pt;"">&nbsp;</span>Suku<span style=""letter-spacing: 3.05pt;"">&nbsp;</span>Bunga/Marjin<span style=""letter-spacing: 0.05pt;"">&nbsp;</span><i>flat</i>/anuitas yang setara untuk calon Penerima KUR<span style=""letter-spacing: 0.05pt;"">&nbsp;</span>kecil<span style=""letter-spacing: 0.65pt;"">&nbsp;</span>yang<span style=""letter-spacing: 0.6pt;"">&nbsp;</span>mengakses<span style=""letter-spacing: 0.65pt;"">&nbsp;</span>KUR<span style=""letter-spacing: 0.65pt;"">&nbsp;</span>kecil<span style=""letter-spacing: 0.65pt;"">&nbsp;</span>ketiga<span style=""letter-spacing: 0.6pt;"">&nbsp;</span>kali;<o:p></o:p></span></font></p><p class=""MsoNormal"" style=""text-align: left; margin: 0cm 0cm 0cm 72pt; font-family: Calibri, sans-serif; color: rgb(0, 0, 0); text-indent: -18pt;""><font size=""3""><span style=""font-family: &quot;Courier New&quot;;"">o<span style=""font-variant-numeric: normal; font-variant-east-asian: normal; font-kerning: auto; font-optical-sizing: auto; font-feature-settings: normal; font-variation-settings: normal; font-stretch: normal; line-height: normal; font-family: &quot;Times New Roman&quot;;"">&nbsp;&nbsp; </span></span><span style=""font-family: Arial, sans-serif;"">sebesar<span style=""letter-spacing: -0.3pt;"">&nbsp;</span>9%<span style=""letter-spacing: -0.3pt;"">&nbsp;</span>(sembilan<span style=""letter-spacing: -0.3pt;"">&nbsp;</span>persen)<span style=""letter-spacing: -0.3pt;"">&nbsp;</span>efektif<span style=""letter-spacing: -0.3pt;"">&nbsp;</span>per<span style=""letter-spacing: -0.25pt;"">&nbsp;</span>tahun<span style=""letter-spacing: -0.3pt;"">&nbsp;</span>atau<span style=""letter-spacing: -2.9pt;"">&nbsp;</span>disesuaikan<span style=""letter-spacing: 0.05pt;"">&nbsp;</span>dengan<span style=""letter-spacing: 3.05pt;"">&nbsp;</span>Suku<span style=""letter-spacing: 3.05pt;"">&nbsp;</span>Bunga/Marjin<span style=""letter-spacing: 0.05pt;"">&nbsp;</span><i>flat</i>/anuitas yang setara untuk calon Penerima KUR<span style=""letter-spacing: 0.05pt;"">&nbsp;</span>kecil<span style=""letter-spacing: 0.6pt;"">&nbsp;</span>yang<span style=""letter-spacing: 0.6pt;"">&nbsp;</span>mengakses<span style=""letter-spacing: 0.65pt;"">&nbsp;</span>KUR<span style=""letter-spacing: 0.65pt;"">&nbsp;</span>kecil<span style=""letter-spacing: 0.65pt;"">&nbsp;</span>keempat<span style=""letter-spacing: 0.6pt;"">&nbsp;</span>kali.<o:p></o:p></span></font></p><p class=""MsoNormal"" style=""text-align: left; margin: 0cm 0cm 0cm 36pt; font-family: Calibri, sans-serif; color: rgb(0, 0, 0); text-indent: -18pt;""><font size=""3""><span style=""font-family: Arial, sans-serif;"">2.<span style=""font-variant-numeric: normal; font-variant-east-asian: normal; font-kerning: auto; font-optical-sizing: auto; font-feature-settings: normal; font-variation-settings: normal; font-stretch: normal; line-height: normal; font-family: &quot;Times New Roman&quot;;"">&nbsp;&nbsp; </span></span><span style=""font-family: Arial, sans-serif;"">Jangka waktu KUR Kecil:<o:p></o:p></span></font></p><p class=""MsoNormal"" style=""text-align: left; margin: 0cm 0cm 0cm 72pt; font-family: Calibri, sans-serif; color: rgb(0, 0, 0); text-indent: -18pt;""><font size=""3""><span style=""font-family: &quot;Courier New&quot;;"">o<span style=""font-variant-numeric: normal; font-variant-east-asian: normal; font-kerning: auto; font-optical-sizing: auto; font-feature-settings: normal; font-variation-settings: normal; font-stretch: normal; line-height: normal; font-family: &quot;Times New Roman&quot;;"">&nbsp;&nbsp; </span></span><span style=""font-family: Arial, sans-serif;"">Paling lama 4 (empat) tahun untuk kredit/ pembiayaan modal kerja; atau<o:p></o:p></span></font></p><p class=""MsoNormal"" style=""text-align: left; margin: 0cm 0cm 0cm 72pt; font-family: Calibri, sans-serif; color: rgb(0, 0, 0); text-indent: -18pt;""><font size=""3""><span style=""font-family: &quot;Courier New&quot;;"">o<span style=""font-variant-numeric: normal; font-variant-east-asian: normal; font-kerning: auto; font-optical-sizing: auto; font-feature-settings: normal; font-variation-settings: normal; font-stretch: normal; line-height: normal; font-family: &quot;Times New Roman&quot;;"">&nbsp;&nbsp; </span></span><span style=""font-family: Arial, sans-serif;"">paling lama 5 (lima) tahun untuk kredit/pembiayaan investasi, dengan&nbsp;<i>grace periode</i>&nbsp;sesuai dengan penilaian Penyalur KUR.<o:p></o:p></span></font></p><p class=""MsoNormal"" style=""margin: 0cm 0cm 0cm 36pt; font-family: Calibri, sans-serif; color: rgb(0, 0, 0); text-indent: -18pt;""><font size=""3""><span style=""font-family: Arial, sans-serif;"">3.<span style=""font-variant-numeric: normal; font-variant-east-asian: normal; font-kerning: auto; font-optical-sizing: auto; font-feature-settings: normal; font-variation-settings: normal; font-stretch: normal; line-height: normal; font-family: &quot;Times New Roman&quot;;"">&nbsp;&nbsp; </span></span><span style=""font-family: Arial, sans-serif;"">Dalam hal skema pembayaran KUR kecil, penerima KUR dapat melakukan pembayaran pokok dan suku bunga/marjin KUR Kecil secara angsuran berkala dan/atau pembayaran sekaligus saat jatuh tempo sesuai dengan kesepakatan antara Penerima KUR dan Penyalur KUR dengan memerhatikan kebutuhan skema pembiayaan masing-masing Penerima KUR.<o:p></o:p></span></font></p><p class=""MsoNormal"" style=""margin: 0cm; font-family: Calibri, sans-serif; color: rgb(0, 0, 0);""><span lang=""IN"" style=""font-family: Arial, sans-serif;""><font size=""3"">&nbsp;</font></span></p>",https://kur.jogjaprov.go.id/storage/page/1093fbe94a63284a9fe0ebe5d2c9d14c_1694411882_300px.jpeg,kur-mikro,REQUIREMENT,2021-12-08 04:04:10,2023-09-11 13:58:02,,"KUR Mikro diberikan kepada penerima KUR dengan jumlah nilai akad/plafon pengajuan kredit di atas Rp 10.000.000,- dan paling banyak Rp 100.000.000,-",
2a923831-5eb0-45c9-9626-f1265a53f7f6,"KUR Super Mikro, Skema Pinjaman Baru bagi Pekerja Terkena PHK dan Ibu Rumah Tangga Produktif","<div><p style=""margin-bottom: 1rem; color: rgb(33, 37, 41); font-family: -apple-system, BlinkMacSystemFont, &quot;Segoe UI&quot;, Roboto, &quot;Helvetica Neue&quot;, Arial, &quot;Noto Sans&quot;, sans-serif, &quot;Apple Color Emoji&quot;, &quot;Segoe UI Emoji&quot;, &quot;Segoe UI Symbol&quot;, &quot;Noto Color Emoji&quot;; font-size: 16px; text-align: center;""><span style=""font-weight: bolder;""><br></span></p><p style=""margin-bottom: 1rem; color: rgb(33, 37, 41); font-family: -apple-system, BlinkMacSystemFont, &quot;Segoe UI&quot;, Roboto, &quot;Helvetica Neue&quot;, Arial, &quot;Noto Sans&quot;, sans-serif, &quot;Apple Color Emoji&quot;, &quot;Segoe UI Emoji&quot;, &quot;Segoe UI Symbol&quot;, &quot;Noto Color Emoji&quot;; font-size: 16px; text-align: center;""><span style=""font-weight: bolder;""><br></span></p><p style=""margin-bottom: 1rem; color: rgb(33, 37, 41); font-family: -apple-system, BlinkMacSystemFont, &quot;Segoe UI&quot;, Roboto, &quot;Helvetica Neue&quot;, Arial, &quot;Noto Sans&quot;, sans-serif, &quot;Apple Color Emoji&quot;, &quot;Segoe UI Emoji&quot;, &quot;Segoe UI Symbol&quot;, &quot;Noto Color Emoji&quot;; font-size: 16px; text-align: center;""><span style=""font-weight: bolder;"">KEMENTERIAN KOORDINATOR BIDANG PEREKONOMIAN<br>REPUBLIK INDONESIA</span></p><p style=""margin-bottom: 1rem; color: rgb(33, 37, 41); font-family: -apple-system, BlinkMacSystemFont, &quot;Segoe UI&quot;, Roboto, &quot;Helvetica Neue&quot;, Arial, &quot;Noto Sans&quot;, sans-serif, &quot;Apple Color Emoji&quot;, &quot;Segoe UI Emoji&quot;, &quot;Segoe UI Symbol&quot;, &quot;Noto Color Emoji&quot;; font-size: 16px; text-align: center;""><span style=""font-weight: bolder;"">SIARAN PERS</span><br>No. HM.4.6/97/SET.M.EKON.2.3/08/2020<br><span style=""font-weight: bolder;"">&nbsp;<br><u>KUR Super Mikro, Skema Pinjaman Baru Bagi Pekerja Terkena PHK dan Ibu Rumah Tangga Produktif</u></span></p><p style=""margin-bottom: 1rem; color: rgb(33, 37, 41); font-family: -apple-system, BlinkMacSystemFont, &quot;Segoe UI&quot;, Roboto, &quot;Helvetica Neue&quot;, Arial, &quot;Noto Sans&quot;, sans-serif, &quot;Apple Color Emoji&quot;, &quot;Segoe UI Emoji&quot;, &quot;Segoe UI Symbol&quot;, &quot;Noto Color Emoji&quot;; font-size: 16px; text-align: center;""><span style=""font-weight: bolder;"">Jakarta, 13 Agustus 2020</span></p><p style=""margin-bottom: 1rem; color: rgb(33, 37, 41); font-family: -apple-system, BlinkMacSystemFont, &quot;Segoe UI&quot;, Roboto, &quot;Helvetica Neue&quot;, Arial, &quot;Noto Sans&quot;, sans-serif, &quot;Apple Color Emoji&quot;, &quot;Segoe UI Emoji&quot;, &quot;Segoe UI Symbol&quot;, &quot;Noto Color Emoji&quot;; font-size: 16px; text-align: justify;"">Pemerintah melalui Komite Kebijakan Pembiayaan bagi Usaha Mikro, Kecil, dan Menengah (UMKM) menetapkan skema Kredit Usaha Rakyat (KUR) Super Mikro, yang utamanya ditujukan untuk pekerja yang terkena Pemutusan Hubungan Kerja (PHK) atau Ibu Rumah Tangga yang menjalankan usaha produktif.&nbsp;</p><p style=""margin-bottom: 1rem; color: rgb(33, 37, 41); font-family: -apple-system, BlinkMacSystemFont, &quot;Segoe UI&quot;, Roboto, &quot;Helvetica Neue&quot;, Arial, &quot;Noto Sans&quot;, sans-serif, &quot;Apple Color Emoji&quot;, &quot;Segoe UI Emoji&quot;, &quot;Segoe UI Symbol&quot;, &quot;Noto Color Emoji&quot;; font-size: 16px; text-align: justify;"">“Suku bunga KUR Super Mikro ditetapkan sebesar 0% sampai dengan 31 Desember 2020 dan 6% setelah 31 Desember 2020 dengan jumlah kredit maksimum Rp10 juta,” ujar Menteri Koordinator Bidang Perekonomian Airlangga Hartarto saat memimpin Rapat Komite, Kamis (13/8) di Jakarta.</p><p style=""margin-bottom: 1rem; color: rgb(33, 37, 41); font-family: -apple-system, BlinkMacSystemFont, &quot;Segoe UI&quot;, Roboto, &quot;Helvetica Neue&quot;, Arial, &quot;Noto Sans&quot;, sans-serif, &quot;Apple Color Emoji&quot;, &quot;Segoe UI Emoji&quot;, &quot;Segoe UI Symbol&quot;, &quot;Noto Color Emoji&quot;; font-size: 16px; text-align: justify;"">Dalam skema KUR Super Mikro, yang menjadi agunan pokok ialah usaha atau proyek yang dibiayai KUR&nbsp;dan tidak diperlukan agunan tambahan. Pekerja terkena PHK dan Ibu Rumah Tangga yang menjalankan usaha dapat memperoleh kredit lunak KUR Super Mikro dengan ketentuan sebagai berikut:&nbsp;</p><p style=""margin-bottom: 1rem; color: rgb(33, 37, 41); font-family: -apple-system, BlinkMacSystemFont, &quot;Segoe UI&quot;, Roboto, &quot;Helvetica Neue&quot;, Arial, &quot;Noto Sans&quot;, sans-serif, &quot;Apple Color Emoji&quot;, &quot;Segoe UI Emoji&quot;, &quot;Segoe UI Symbol&quot;, &quot;Noto Color Emoji&quot;; font-size: 16px; text-align: justify;"">1. Masuk kategori usaha mikro.</p><p style=""margin-bottom: 1rem; color: rgb(33, 37, 41); font-family: -apple-system, BlinkMacSystemFont, &quot;Segoe UI&quot;, Roboto, &quot;Helvetica Neue&quot;, Arial, &quot;Noto Sans&quot;, sans-serif, &quot;Apple Color Emoji&quot;, &quot;Segoe UI Emoji&quot;, &quot;Segoe UI Symbol&quot;, &quot;Noto Color Emoji&quot;; font-size: 16px; text-align: justify;"">2. Lama usaha calon penerima KUR Super Mikro tidak dibatasi minimal 6 bulan. Lama usaha dapat kurang dari 6 bulan dengan persyaratan:</p><ul style=""margin-bottom: 1rem; color: rgb(33, 37, 41); font-family: -apple-system, BlinkMacSystemFont, &quot;Segoe UI&quot;, Roboto, &quot;Helvetica Neue&quot;, Arial, &quot;Noto Sans&quot;, sans-serif, &quot;Apple Color Emoji&quot;, &quot;Segoe UI Emoji&quot;, &quot;Segoe UI Symbol&quot;, &quot;Noto Color Emoji&quot;; font-size: 16px; text-align: justify;""><li style=""text-align: justify;"">Mengikuti program pendampingan (formal atau informal); atau</li><li style=""text-align: justify;"">Tergabung dalam suatu kelompok usaha; atau</li><li style=""text-align: justify;"">Memiliki anggota keluarga yang telah memiliki usaha.</li></ul><p style=""margin-bottom: 1rem; color: rgb(33, 37, 41); font-family: -apple-system, BlinkMacSystemFont, &quot;Segoe UI&quot;, Roboto, &quot;Helvetica Neue&quot;, Arial, &quot;Noto Sans&quot;, sans-serif, &quot;Apple Color Emoji&quot;, &quot;Segoe UI Emoji&quot;, &quot;Segoe UI Symbol&quot;, &quot;Noto Color Emoji&quot;; font-size: 16px; text-align: justify;"">3. Bagi pegawai PHK tidak diwajibkan memiliki usaha minimal 3 bulan dengan pelatihan 3 bulan sebagaimana diatur dalam Peraturan Menteri Koordinator Bidang Perekonomian (Permenko) Nomor 8 Tahun 2019 tentang Pedoman KUR, tapi dapat kurang dari 3 bulan atau usaha baru dengan persyaratan sebagaimana butir 2.</p><p style=""margin-bottom: 1rem; color: rgb(33, 37, 41); font-family: -apple-system, BlinkMacSystemFont, &quot;Segoe UI&quot;, Roboto, &quot;Helvetica Neue&quot;, Arial, &quot;Noto Sans&quot;, sans-serif, &quot;Apple Color Emoji&quot;, &quot;Segoe UI Emoji&quot;, &quot;Segoe UI Symbol&quot;, &quot;Noto Color Emoji&quot;; font-size: 16px; text-align: justify;"">4. Belum pernah menerima KUR.</p><p style=""margin-bottom: 1rem; color: rgb(33, 37, 41); font-family: -apple-system, BlinkMacSystemFont, &quot;Segoe UI&quot;, Roboto, &quot;Helvetica Neue&quot;, Arial, &quot;Noto Sans&quot;, sans-serif, &quot;Apple Color Emoji&quot;, &quot;Segoe UI Emoji&quot;, &quot;Segoe UI Symbol&quot;, &quot;Noto Color Emoji&quot;; font-size: 16px; text-align: justify;"">Adapun stimulus berikutnya, Pemerintah menetapkan tambahan subsidi bunga KUR dari yang sebelumnya sebesar 6% selama 3 bulan pertama dan 3% selama 3 bulan berikutnya, menjadi sebesar 6% sampai dengan Desember 2020.&nbsp;</p><p style=""margin-bottom: 1rem; color: rgb(33, 37, 41); font-family: -apple-system, BlinkMacSystemFont, &quot;Segoe UI&quot;, Roboto, &quot;Helvetica Neue&quot;, Arial, &quot;Noto Sans&quot;, sans-serif, &quot;Apple Color Emoji&quot;, &quot;Segoe UI Emoji&quot;, &quot;Segoe UI Symbol&quot;, &quot;Noto Color Emoji&quot;; font-size: 16px; text-align: justify;"">“Langkah ini diharapkan dapat mendorong percepatan pemulihan ekonomi pada triwulan III tahun 2020, utamanya melalui percepatan pemulihan usaha Penerima KUR,” jelas Airlangga.</p><p style=""margin-bottom: 1rem; color: rgb(33, 37, 41); font-family: -apple-system, BlinkMacSystemFont, &quot;Segoe UI&quot;, Roboto, &quot;Helvetica Neue&quot;, Arial, &quot;Noto Sans&quot;, sans-serif, &quot;Apple Color Emoji&quot;, &quot;Segoe UI Emoji&quot;, &quot;Segoe UI Symbol&quot;, &quot;Noto Color Emoji&quot;; font-size: 16px; text-align: justify;"">Selain itu, rapat juga menegaskan pemberian tambahan subsidi bunga KUR pada masa Covid-19 yang diberikan kepada seluruh Penerima KUR dengan Kolektibilitas 1 atau Kolektibilitas 2, termasuk Penerima KUR restrukturisasi dan non restrukturisasi serta Penerima KUR yang mengajukan fasilitas maupun tidak mengajukan fasilitas.&nbsp;</p><p style=""margin-bottom: 1rem; color: rgb(33, 37, 41); font-family: -apple-system, BlinkMacSystemFont, &quot;Segoe UI&quot;, Roboto, &quot;Helvetica Neue&quot;, Arial, &quot;Noto Sans&quot;, sans-serif, &quot;Apple Color Emoji&quot;, &quot;Segoe UI Emoji&quot;, &quot;Segoe UI Symbol&quot;, &quot;Noto Color Emoji&quot;; font-size: 16px; text-align: justify;"">“Ketentuan penegasan ini diharapkan dapat mempercepat realisasi pemberian tambahan subsidi bunga/margin KUR pada masa pandemi Covid-19,” lanjut Menko Perekonomian.&nbsp;</p><p style=""margin-bottom: 1rem; color: rgb(33, 37, 41); font-family: -apple-system, BlinkMacSystemFont, &quot;Segoe UI&quot;, Roboto, &quot;Helvetica Neue&quot;, Arial, &quot;Noto Sans&quot;, sans-serif, &quot;Apple Color Emoji&quot;, &quot;Segoe UI Emoji&quot;, &quot;Segoe UI Symbol&quot;, &quot;Noto Color Emoji&quot;; font-size: 16px; text-align: justify;"">&nbsp;</p><p style=""margin-bottom: 1rem; color: rgb(33, 37, 41); font-family: -apple-system, BlinkMacSystemFont, &quot;Segoe UI&quot;, Roboto, &quot;Helvetica Neue&quot;, Arial, &quot;Noto Sans&quot;, sans-serif, &quot;Apple Color Emoji&quot;, &quot;Segoe UI Emoji&quot;, &quot;Segoe UI Symbol&quot;, &quot;Noto Color Emoji&quot;; font-size: 16px; text-align: justify;""><span style=""font-weight: bolder;"">Realisasi Kebijakan KUR Selama Pandemi&nbsp;</span></p><p style=""margin-bottom: 1rem; color: rgb(33, 37, 41); font-family: -apple-system, BlinkMacSystemFont, &quot;Segoe UI&quot;, Roboto, &quot;Helvetica Neue&quot;, Arial, &quot;Noto Sans&quot;, sans-serif, &quot;Apple Color Emoji&quot;, &quot;Segoe UI Emoji&quot;, &quot;Segoe UI Symbol&quot;, &quot;Noto Color Emoji&quot;; font-size: 16px; text-align: justify;"">Menurut data Sistem Informasi Kredit Program (SIKP) per 8 Agustus 2020, realisasi kebijakan KUR pada masa Covid-19 terbukti telah dimanfaatkan signifikan oleh debitur KUR, dengan rincian sebagai berikut:</p><p style=""margin-bottom: 1rem; color: rgb(33, 37, 41); font-family: -apple-system, BlinkMacSystemFont, &quot;Segoe UI&quot;, Roboto, &quot;Helvetica Neue&quot;, Arial, &quot;Noto Sans&quot;, sans-serif, &quot;Apple Color Emoji&quot;, &quot;Segoe UI Emoji&quot;, &quot;Segoe UI Symbol&quot;, &quot;Noto Color Emoji&quot;; font-size: 16px; text-align: justify;"">a. Tambahan subsidi bunga KUR diberikan kepada 5.944.348 debitur dengan baki debet Rp121 triliun.</p><p style=""margin-bottom: 1rem; color: rgb(33, 37, 41); font-family: -apple-system, BlinkMacSystemFont, &quot;Segoe UI&quot;, Roboto, &quot;Helvetica Neue&quot;, Arial, &quot;Noto Sans&quot;, sans-serif, &quot;Apple Color Emoji&quot;, &quot;Segoe UI Emoji&quot;, &quot;Segoe UI Symbol&quot;, &quot;Noto Color Emoji&quot;; font-size: 16px; text-align: justify;"">b. Penundaan angsuran pokok paling lama 6 bulan diberikan kepada 1.550.009 debitur dengan baki debet Rp46,3 triliun.</p><p style=""margin-bottom: 1rem; color: rgb(33, 37, 41); font-family: -apple-system, BlinkMacSystemFont, &quot;Segoe UI&quot;, Roboto, &quot;Helvetica Neue&quot;, Arial, &quot;Noto Sans&quot;, sans-serif, &quot;Apple Color Emoji&quot;, &quot;Segoe UI Emoji&quot;, &quot;Segoe UI Symbol&quot;, &quot;Noto Color Emoji&quot;; font-size: 16px; text-align: justify;"">c. Relaksasi KUR, berupa:</p><ul style=""margin-bottom: 1rem; color: rgb(33, 37, 41); font-family: -apple-system, BlinkMacSystemFont, &quot;Segoe UI&quot;, Roboto, &quot;Helvetica Neue&quot;, Arial, &quot;Noto Sans&quot;, sans-serif, &quot;Apple Color Emoji&quot;, &quot;Segoe UI Emoji&quot;, &quot;Segoe UI Symbol&quot;, &quot;Noto Color Emoji&quot;; font-size: 16px; text-align: justify;""><li style=""text-align: justify;"">Perpanjangan jangka waktu diberikan kepada 1.557.271 debitur dengan baki debet Rp46,2 triliun.</li><li style=""text-align: justify;"">Penambahan limit plafon KUR diberikan kepada 14 debitur dengan baki debet Rp3 miliar.</li></ul><p style=""margin-bottom: 1rem; color: rgb(33, 37, 41); font-family: -apple-system, BlinkMacSystemFont, &quot;Segoe UI&quot;, Roboto, &quot;Helvetica Neue&quot;, Arial, &quot;Noto Sans&quot;, sans-serif, &quot;Apple Color Emoji&quot;, &quot;Segoe UI Emoji&quot;, &quot;Segoe UI Symbol&quot;, &quot;Noto Color Emoji&quot;; font-size: 16px; text-align: justify;"">Secara keseluruhan, realisasi penyaluran KUR selama Januari 2020 sampai dengan 31 Juli 2020 telah mencapai Rp89,2 triliun dan diberikan kepada 2,67 juta debitur sehingga total&nbsp;<em>outstanding</em>&nbsp;sebesar Rp167,87 triliun dengan N<em>on Performing Loan&nbsp;</em>(NPL) sebesar 1,07%.&nbsp;</p><p style=""margin-bottom: 1rem; color: rgb(33, 37, 41); font-family: -apple-system, BlinkMacSystemFont, &quot;Segoe UI&quot;, Roboto, &quot;Helvetica Neue&quot;, Arial, &quot;Noto Sans&quot;, sans-serif, &quot;Apple Color Emoji&quot;, &quot;Segoe UI Emoji&quot;, &quot;Segoe UI Symbol&quot;, &quot;Noto Color Emoji&quot;; font-size: 16px; text-align: justify;"">Sebagai informasi, sebelumnya total plafon KUR untuk tahun 2020 direncanakan sebesar Rp190 triliun. Kemudian, dalam masa Pandemi Covid-19 dan adanya Program Pemulihan Ekonomi Nasional terdapat permintaan tambahan plafon KUR baru sebesar Rp8,87 triliun, sehingga total plafon KUR untuk tahun 2020 menjadi Rp198,87 triliun.</p><p style=""margin-bottom: 1rem; color: rgb(33, 37, 41); font-family: -apple-system, BlinkMacSystemFont, &quot;Segoe UI&quot;, Roboto, &quot;Helvetica Neue&quot;, Arial, &quot;Noto Sans&quot;, sans-serif, &quot;Apple Color Emoji&quot;, &quot;Segoe UI Emoji&quot;, &quot;Segoe UI Symbol&quot;, &quot;Noto Color Emoji&quot;; font-size: 16px; text-align: justify;"">“Serangkaian kebijakan stimulus ini diharapkan dapat mempercepat pemulihan ekonomi nasional dengan memperkuat usaha mikro rumah tangga, pekerja informal, dan pekerja terkena PHK melalui dukungan pembiayaan usaha,” pungkas Menko Airlangga. (dep1/idc/iqb)</p><p style=""margin-bottom: 1rem; color: rgb(33, 37, 41); font-family: -apple-system, BlinkMacSystemFont, &quot;Segoe UI&quot;, Roboto, &quot;Helvetica Neue&quot;, Arial, &quot;Noto Sans&quot;, sans-serif, &quot;Apple Color Emoji&quot;, &quot;Segoe UI Emoji&quot;, &quot;Segoe UI Symbol&quot;, &quot;Noto Color Emoji&quot;; font-size: 16px; text-align: center;"">***</p><p style=""margin-bottom: 1rem; color: rgb(33, 37, 41); font-family: -apple-system, BlinkMacSystemFont, &quot;Segoe UI&quot;, Roboto, &quot;Helvetica Neue&quot;, Arial, &quot;Noto Sans&quot;, sans-serif, &quot;Apple Color Emoji&quot;, &quot;Segoe UI Emoji&quot;, &quot;Segoe UI Symbol&quot;, &quot;Noto Color Emoji&quot;; font-size: 16px; text-align: justify;""><span style=""font-weight: bolder;"">Kepala Bagian Hubungan Masyarakat dan Informasi Publik, Kementerian Koordinator Bidang Perekonomian<br>Hermin Esti Setyowati</span><br>&nbsp;<br>Website: www.ekon.go.id<br>Twitter &amp; Instagram: @perekonomianRI<br>Email: humas@ekon.go.id</p><br></div>",https://kur.jogjaprov.go.id/storage/page/c976c58a02fb4ff92ef87e5aa7bdf037_1676363639_300px.jpg,kur-super-mikro-skema-pinjaman-baru-bagi-pekerja-terkena-phk-dan-ibu-rumah-tangga-produktif,NEWS,2021-12-20 02:55:23,2023-02-14 16:33:59,be9f9b72-bca8-42bf-a692-6eb26cdb01a8,,
71fa246f-0bdf-4ecc-854b-8f26e0ffb814,KUR Super Mikro,"<p class=""MsoNormal"" style=""margin-bottom:0cm;margin-bottom:.0001pt;line-height:
normal""><span style=""font-size: 12pt; font-family: Arial, &quot;sans-serif&quot;;"">KUR Super Mikro diberikan kepada penerima KUR dengan jumlah nilai akad/
plafon pengajuan kredit di atas Rp 1.000.000,- dan paling banyak Rp
10.000.000,- dengan syarat sebagai berikut;</span><span style=""font-size:10.5pt;
font-family:&quot;Arial&quot;,&quot;sans-serif&quot;;mso-fareast-font-family:&quot;Times New Roman&quot;;
color:black;mso-fareast-language:IN""><o:p></o:p></span></p>

<p class=""MsoListParagraphCxSpFirst"" style=""margin-top:0cm;margin-right:0cm;
margin-bottom:7.5pt;margin-left:1.0cm;mso-add-space:auto;text-indent:-18.0pt;
line-height:normal;mso-list:l5 level1 lfo2""><!--[if !supportLists]--><span style=""font-size:12.0pt;font-family:&quot;Arial&quot;,&quot;sans-serif&quot;;mso-fareast-font-family:
Arial;color:black;mso-fareast-language:IN"">1.<span style=""font-variant-numeric: normal; font-variant-east-asian: normal; font-stretch: normal; font-size: 7pt; line-height: normal; font-family: &quot;Times New Roman&quot;;"">&nbsp;&nbsp;&nbsp; </span></span><!--[endif]--><span style=""font-size: 12pt; font-family: Arial, &quot;sans-serif&quot;;"">Usaha Mikro, Kecil,
dan Menengah (UMKM) yang&nbsp;memiliki usaha produktif<span style=""letter-spacing:
.05pt"">&nbsp;</span>dan/atau<span style=""letter-spacing:.75pt"">&nbsp;</span>layak<span style=""letter-spacing:.8pt"">&nbsp;</span>dibiayai;</span><span style=""font-size:10.5pt;font-family:&quot;Arial&quot;,&quot;sans-serif&quot;;mso-fareast-font-family:
&quot;Times New Roman&quot;;color:black;mso-fareast-language:IN""><o:p></o:p></span></p>

<p class=""MsoListParagraphCxSpMiddle"" style=""margin-top:0cm;margin-right:0cm;
margin-bottom:7.5pt;margin-left:1.0cm;mso-add-space:auto;text-indent:-18.0pt;
line-height:normal;mso-list:l5 level1 lfo2""><!--[if !supportLists]--><span style=""font-size:12.0pt;font-family:&quot;Arial&quot;,&quot;sans-serif&quot;;mso-fareast-font-family:
Arial;color:black;mso-fareast-language:IN"">2.<span style=""font-variant-numeric: normal; font-variant-east-asian: normal; font-stretch: normal; font-size: 7pt; line-height: normal; font-family: &quot;Times New Roman&quot;;"">&nbsp;&nbsp;&nbsp; </span></span><!--[endif]--><span style=""font-size: 12pt; font-family: Arial, &quot;sans-serif&quot;;"">UMKM dari pekerja yang
terkena pemutusan hubungan kerja&nbsp;yang memiliki usaha produktif<span style=""letter-spacing:.05pt"">&nbsp;</span>dan/atau<span style=""letter-spacing:
.75pt"">&nbsp;</span>layak<span style=""letter-spacing:.8pt"">&nbsp;</span>dibiayai;</span><span style=""font-size:10.5pt;font-family:&quot;Arial&quot;,&quot;sans-serif&quot;;mso-fareast-font-family:
&quot;Times New Roman&quot;;color:black;mso-fareast-language:IN""><o:p></o:p></span></p>

<p class=""MsoListParagraphCxSpMiddle"" style=""margin-top:0cm;margin-right:0cm;
margin-bottom:7.5pt;margin-left:1.0cm;mso-add-space:auto;text-indent:-18.0pt;
line-height:normal;mso-list:l5 level1 lfo2""><!--[if !supportLists]--><span style=""font-size:12.0pt;font-family:&quot;Arial&quot;,&quot;sans-serif&quot;;mso-fareast-font-family:
Arial;color:black;mso-fareast-language:IN"">3.<span style=""font-variant-numeric: normal; font-variant-east-asian: normal; font-stretch: normal; font-size: 7pt; line-height: normal; font-family: &quot;Times New Roman&quot;;"">&nbsp;&nbsp;&nbsp; </span></span><!--[endif]--><span style=""font-size: 12pt; font-family: Arial, &quot;sans-serif&quot;;"">UMKM dari ibu rumah
tangga&nbsp;yang memiliki usaha produktif<span style=""letter-spacing:.05pt"">&nbsp;</span>dan/atau<span style=""letter-spacing:.75pt"">&nbsp;</span>layak<span style=""letter-spacing:
.8pt"">&nbsp;</span>dibiayai;</span><span style=""font-size:10.5pt;font-family:
&quot;Arial&quot;,&quot;sans-serif&quot;;mso-fareast-font-family:&quot;Times New Roman&quot;;color:black;
mso-fareast-language:IN""><o:p></o:p></span></p>

<p class=""MsoListParagraphCxSpMiddle"" style=""margin-top:0cm;margin-right:0cm;
margin-bottom:7.5pt;margin-left:1.0cm;mso-add-space:auto;text-indent:-18.0pt;
line-height:normal;mso-list:l5 level1 lfo2""><!--[if !supportLists]--><span style=""font-size:12.0pt;font-family:&quot;Arial&quot;,&quot;sans-serif&quot;;mso-fareast-font-family:
Arial;color:black;mso-fareast-language:IN"">4.<span style=""font-variant-numeric: normal; font-variant-east-asian: normal; font-stretch: normal; font-size: 7pt; line-height: normal; font-family: &quot;Times New Roman&quot;;"">&nbsp;&nbsp;&nbsp; </span></span><!--[endif]--><span style=""font-size: 12pt; font-family: Arial, &quot;sans-serif&quot;;"">Kriteria calon
Penerima KUR super mikro:</span><span style=""font-size:10.5pt;font-family:&quot;Arial&quot;,&quot;sans-serif&quot;;
mso-fareast-font-family:&quot;Times New Roman&quot;;color:black;mso-fareast-language:
IN""><o:p></o:p></span></p>

<p class=""MsoListParagraphCxSpMiddle"" style=""margin-top:0cm;margin-right:0cm;
margin-bottom:0cm;margin-left:49.65pt;margin-bottom:.0001pt;mso-add-space:auto;
text-indent:-18.0pt;line-height:normal;mso-list:l0 level1 lfo3""><!--[if !supportLists]--><span style=""font-size:12.0pt;font-family:&quot;Arial&quot;,&quot;sans-serif&quot;;mso-fareast-font-family:
Arial;color:black;mso-fareast-language:IN"">a.<span style=""font-variant-numeric: normal; font-variant-east-asian: normal; font-stretch: normal; font-size: 7pt; line-height: normal; font-family: &quot;Times New Roman&quot;;"">&nbsp;</span></span><span style=""font-size: 12pt; font-family: Arial, &quot;sans-serif&quot;;"">belum<span style=""letter-spacing:.15pt"">&nbsp;</span>pernah<span style=""letter-spacing:
.2pt"">&nbsp;</span>menerima<span style=""letter-spacing:.2pt"">&nbsp;</span>KUR;</span><span style=""font-size:10.5pt;font-family:&quot;Arial&quot;,&quot;sans-serif&quot;;mso-fareast-font-family:
&quot;Times New Roman&quot;;color:black;mso-fareast-language:IN""><o:p></o:p></span></p>

<p class=""MsoListParagraphCxSpMiddle"" style=""margin-top:0cm;margin-right:0cm;
margin-bottom:0cm;margin-left:49.65pt;margin-bottom:.0001pt;mso-add-space:auto;
text-indent:-18.0pt;line-height:normal;mso-list:l0 level1 lfo3""><!--[if !supportLists]--><span style=""font-size:12.0pt;font-family:&quot;Arial&quot;,&quot;sans-serif&quot;;mso-fareast-font-family:
Arial;color:black;mso-fareast-language:IN"">b.<span style=""font-variant-numeric: normal; font-variant-east-asian: normal; font-stretch: normal; font-size: 7pt; line-height: normal; font-family: &quot;Times New Roman&quot;;"">&nbsp;</span></span><!--[endif]--><span style=""font-size: 12pt; font-family: Arial, &quot;sans-serif&quot;;"">tidak<span style=""letter-spacing:.05pt"">&nbsp;</span>ada<span style=""letter-spacing:.05pt"">&nbsp;</span>pembatasan<span style=""letter-spacing:.05pt"">&nbsp;</span>minimal<span style=""letter-spacing:
.05pt"">&nbsp;</span>waktu<span style=""letter-spacing:.05pt"">&nbsp;</span>pendirian<span style=""letter-spacing:.05pt"">&nbsp;</span>usaha dengan syarat:</span><span style=""font-size:10.5pt;font-family:&quot;Arial&quot;,&quot;sans-serif&quot;;mso-fareast-font-family:
&quot;Times New Roman&quot;;color:black;mso-fareast-language:IN""><o:p></o:p></span></p>

<p class=""MsoListParagraphCxSpMiddle"" style=""margin-top:0cm;margin-right:0cm;
margin-bottom:0cm;margin-left:63.8pt;margin-bottom:.0001pt;mso-add-space:auto;
text-indent:-18.0pt;line-height:normal;mso-list:l3 level1 lfo1""><!--[if !supportLists]--><span style=""font-size:12.0pt;font-family:&quot;Arial&quot;,&quot;sans-serif&quot;;mso-fareast-font-family:
Arial;color:black;mso-fareast-language:IN"">1)<span style=""font-variant-numeric: normal; font-variant-east-asian: normal; font-stretch: normal; font-size: 7pt; line-height: normal; font-family: &quot;Times New Roman&quot;;"">&nbsp;&nbsp;&nbsp; </span></span><!--[endif]--><span style=""font-size: 12pt; font-family: Arial, &quot;sans-serif&quot;;"">mengikuti<span style=""letter-spacing:-.2pt"">&nbsp;</span>pendampingan;</span><span style=""font-size:10.5pt;font-family:&quot;Arial&quot;,&quot;sans-serif&quot;;mso-fareast-font-family:
&quot;Times New Roman&quot;;color:black;mso-fareast-language:IN""><o:p></o:p></span></p>

<p class=""MsoListParagraphCxSpMiddle"" style=""margin-top:0cm;margin-right:0cm;
margin-bottom:0cm;margin-left:63.8pt;margin-bottom:.0001pt;mso-add-space:auto;
text-indent:-18.0pt;line-height:normal;mso-list:l3 level1 lfo1""><!--[if !supportLists]--><span style=""font-size:12.0pt;font-family:&quot;Arial&quot;,&quot;sans-serif&quot;;mso-fareast-font-family:
Arial;color:black;mso-fareast-language:IN"">2)<span style=""font-variant-numeric: normal; font-variant-east-asian: normal; font-stretch: normal; font-size: 7pt; line-height: normal; font-family: &quot;Times New Roman&quot;;"">&nbsp;&nbsp;&nbsp; </span></span><!--[endif]--><span style=""font-size: 12pt; font-family: Arial, &quot;sans-serif&quot;;"">mengikuti<span style=""letter-spacing:1.7pt"">&nbsp;</span>pelatihan<span style=""letter-spacing:
1.75pt"">&nbsp;</span>kewirausahaan<span style=""letter-spacing:1.75pt"">&nbsp;</span>atau<span style=""letter-spacing:1.75pt"">&nbsp;</span>pelatihan<span style=""letter-spacing:
-2.9pt"">&nbsp;</span>lainnya;</span><span style=""font-size:10.5pt;font-family:
&quot;Arial&quot;,&quot;sans-serif&quot;;mso-fareast-font-family:&quot;Times New Roman&quot;;color:black;
mso-fareast-language:IN""><o:p></o:p></span></p>

<p class=""MsoListParagraphCxSpMiddle"" style=""margin-top:0cm;margin-right:0cm;
margin-bottom:0cm;margin-left:63.8pt;margin-bottom:.0001pt;mso-add-space:auto;
text-indent:-18.0pt;line-height:normal;mso-list:l3 level1 lfo1""><!--[if !supportLists]--><span style=""font-size:12.0pt;font-family:&quot;Arial&quot;,&quot;sans-serif&quot;;mso-fareast-font-family:
Arial;color:black;mso-fareast-language:IN"">3)<span style=""font-variant-numeric: normal; font-variant-east-asian: normal; font-stretch: normal; font-size: 7pt; line-height: normal; font-family: &quot;Times New Roman&quot;;"">&nbsp;&nbsp;&nbsp; </span></span><!--[endif]--><span style=""font-size: 12pt; font-family: Arial, &quot;sans-serif&quot;;"">tergabung<span style=""letter-spacing:.55pt"">&nbsp;</span>dalam<span style=""letter-spacing:
.5pt"">&nbsp;</span>Kelompok<span style=""letter-spacing:.5pt"">&nbsp;</span>Usaha;<span style=""letter-spacing:.55pt"">&nbsp;</span>atau</span><span style=""font-size:
10.5pt;font-family:&quot;Arial&quot;,&quot;sans-serif&quot;;mso-fareast-font-family:&quot;Times New Roman&quot;;
color:black;mso-fareast-language:IN""><o:p></o:p></span></p>

<p class=""MsoListParagraphCxSpMiddle"" style=""margin-top:0cm;margin-right:0cm;
margin-bottom:0cm;margin-left:63.8pt;margin-bottom:.0001pt;mso-add-space:auto;
text-indent:-18.0pt;line-height:normal;mso-list:l3 level1 lfo1""><!--[if !supportLists]--><span style=""font-size:12.0pt;font-family:&quot;Arial&quot;,&quot;sans-serif&quot;;mso-fareast-font-family:
Arial;color:black;mso-fareast-language:IN"">4)<span style=""font-variant-numeric: normal; font-variant-east-asian: normal; font-stretch: normal; font-size: 7pt; line-height: normal; font-family: &quot;Times New Roman&quot;;"">&nbsp;&nbsp;&nbsp;</span></span><span style=""font-size: 12pt; font-family: Arial, &quot;sans-serif&quot;;"">memiliki<span style=""letter-spacing:2.6pt"">&nbsp;</span>anggota<span style=""letter-spacing:
2.65pt"">&nbsp;</span>keluarga<span style=""letter-spacing:2.65pt"">&nbsp;</span>yang<span style=""letter-spacing:2.6pt"">&nbsp;</span>telah<span style=""letter-spacing:
2.65pt"">&nbsp;</span>mempunyai<span style=""letter-spacing:-2.9pt"">&nbsp;</span>usaha<span style=""letter-spacing:.75pt"">&nbsp;</span>produktif<span style=""letter-spacing:
.75pt"">&nbsp;</span>dan<span style=""letter-spacing:.8pt"">&nbsp;</span>layak.</span><span style=""font-size:10.5pt;font-family:&quot;Arial&quot;,&quot;sans-serif&quot;;mso-fareast-font-family:
&quot;Times New Roman&quot;;color:black;mso-fareast-language:IN""><o:p></o:p></span></p>

<p class=""MsoListParagraphCxSpMiddle"" style=""margin-top:0cm;margin-right:0cm;
margin-bottom:0cm;margin-left:49.65pt;margin-bottom:.0001pt;mso-add-space:auto;
text-indent:-18.0pt;line-height:normal;mso-list:l0 level1 lfo3""><!--[if !supportLists]--><span style=""font-size:12.0pt;font-family:&quot;Arial&quot;,&quot;sans-serif&quot;;mso-fareast-font-family:
Arial;color:black;mso-fareast-language:IN"">c.<span style=""font-variant-numeric: normal; font-variant-east-asian: normal; font-stretch: normal; font-size: 7pt; line-height: normal; font-family: &quot;Times New Roman&quot;;"">&nbsp;&nbsp;&nbsp;</span></span><span style=""font-size: 12pt; font-family: Arial, &quot;sans-serif&quot;;"">belum<span style=""letter-spacing:.05pt"">&nbsp;</span>pernah<span style=""letter-spacing:
.05pt"">&nbsp;</span>menerima<span style=""letter-spacing:.05pt"">&nbsp;</span>kredit/pembiayaan<span style=""letter-spacing:.05pt"">&nbsp;</span>investasi/modal<span style=""letter-spacing:.6pt"">&nbsp;</span>kerja<span style=""letter-spacing:.6pt"">&nbsp;</span>komersial<span style=""letter-spacing:.55pt"">&nbsp;</span>kecuali:&nbsp;</span><span style=""font-size:10.5pt;font-family:&quot;Arial&quot;,&quot;sans-serif&quot;;mso-fareast-font-family:
&quot;Times New Roman&quot;;color:black;mso-fareast-language:IN""><o:p></o:p></span></p>

<p class=""MsoListParagraphCxSpMiddle"" style=""margin-top:0cm;margin-right:0cm;
margin-bottom:0cm;margin-left:63.8pt;margin-bottom:.0001pt;mso-add-space:auto;
text-indent:-18.0pt;line-height:normal;mso-list:l1 level1 lfo4""><!--[if !supportLists]--><span style=""font-size: 12pt; font-family: Arial, &quot;sans-serif&quot;;"">1)<span style=""font-variant-numeric: normal; font-variant-east-asian: normal; font-stretch: normal; font-size: 7pt; line-height: normal; font-family: &quot;Times New Roman&quot;;"">&nbsp;</span></span><span style=""font-size: 12pt; font-family: Arial, &quot;sans-serif&quot;;"">kredit/pembiayaan<span style=""letter-spacing:.05pt"">&nbsp;</span>konsumsi<span style=""letter-spacing:
.05pt"">&nbsp;</span>untuk<span style=""letter-spacing:.05pt"">&nbsp;</span>keperluan<span style=""letter-spacing:-2.9pt"">&nbsp;</span>rumah<span style=""letter-spacing:
.75pt"">&nbsp;</span>tangga;</span><span style=""font-size: 10.5pt; font-family: Arial, &quot;sans-serif&quot;;""><o:p></o:p></span></p>

<p class=""MsoListParagraphCxSpMiddle"" style=""margin-top:0cm;margin-right:0cm;
margin-bottom:0cm;margin-left:63.8pt;margin-bottom:.0001pt;mso-add-space:auto;
text-indent:-18.0pt;line-height:normal;mso-list:l1 level1 lfo4""><!--[if !supportLists]--><span style=""font-size: 12pt; font-family: Arial, &quot;sans-serif&quot;;"">2)<span style=""font-variant-numeric: normal; font-variant-east-asian: normal; font-stretch: normal; font-size: 7pt; line-height: normal; font-family: &quot;Times New Roman&quot;;"">&nbsp;</span></span><span style=""font-size: 12pt; font-family: Arial, &quot;sans-serif&quot;;"">kredit/pembiayaan<span style=""letter-spacing:3.05pt"">&nbsp;</span>skema/skala<span style=""letter-spacing:
3.05pt"">&nbsp;</span>ultra<span style=""letter-spacing:3.05pt"">&nbsp;</span>mikro<span style=""letter-spacing:.05pt"">&nbsp;</span>atau<span style=""letter-spacing:.75pt"">&nbsp;</span>sejenisnya;<span style=""letter-spacing:.8pt"">&nbsp;</span>dan/ atau&nbsp;pinjaman pada
perusahaan layanan pendanaan<span style=""letter-spacing:.05pt"">&nbsp;</span>bersama<span style=""letter-spacing:3.05pt"">&nbsp;</span>berbasis<span style=""letter-spacing:
3.05pt"">&nbsp;</span>teknologi<span style=""letter-spacing:3.05pt"">&nbsp;</span>informasi<span style=""letter-spacing:3.05pt"">&nbsp;</span>atau<span style=""letter-spacing:
.05pt"">&nbsp;</span>perusahaan<span style=""letter-spacing:.6pt"">&nbsp;</span>pembiayaan<span style=""letter-spacing:.6pt"">&nbsp;</span>berbasis<span style=""letter-spacing:
.65pt"">&nbsp;</span>digital.</span><span style=""font-size: 10.5pt; font-family: Arial, &quot;sans-serif&quot;;""><o:p></o:p></span></p>

<p class=""MsoListParagraphCxSpLast"" style=""margin-top:0cm;margin-right:0cm;
margin-bottom:0cm;margin-left:1.0cm;margin-bottom:.0001pt;mso-add-space:auto;
text-indent:-18.0pt;line-height:normal;mso-list:l5 level1 lfo2""><!--[if !supportLists]--><span style=""font-size:12.0pt;font-family:&quot;Arial&quot;,&quot;sans-serif&quot;;mso-fareast-font-family:
Arial;color:black;mso-fareast-language:IN"">5.<span style=""font-variant-numeric: normal; font-variant-east-asian: normal; font-stretch: normal; font-size: 7pt; line-height: normal; font-family: &quot;Times New Roman&quot;;"">&nbsp;&nbsp;&nbsp; </span></span><!--[endif]--><span style=""font-size: 12pt; font-family: Arial, &quot;sans-serif&quot;;"">Calon<span style=""letter-spacing:.05pt"">&nbsp;</span>Penerima<span style=""letter-spacing:
.05pt"">&nbsp;</span>KUR<span style=""letter-spacing:.05pt"">&nbsp;</span>mikro<span style=""letter-spacing:.05pt"">&nbsp;</span>dapat<span style=""letter-spacing:
.05pt"">&nbsp;</span>sedang<span style=""letter-spacing:.05pt"">&nbsp;</span>menerima<span style=""letter-spacing:.05pt"">&nbsp;</span>kredit<span style=""letter-spacing:
.05pt"">&nbsp;</span>secara<span style=""letter-spacing:.05pt"">&nbsp;</span>bersaman<span style=""letter-spacing:.05pt"">&nbsp;</span>dengan<span style=""letter-spacing:
.05pt"">&nbsp;</span>kolektibilitas<span style=""letter-spacing:.05pt"">&nbsp;</span>lancar
:<span style=""letter-spacing:-2.9pt"">&nbsp; &nbsp; &nbsp; &nbsp;&nbsp;</span></span><span style=""font-size:10.5pt;font-family:&quot;Arial&quot;,&quot;sans-serif&quot;;mso-fareast-font-family:
&quot;Times New Roman&quot;;color:black;mso-fareast-language:IN""><o:p></o:p></span></p>

<p class=""MsoNormal"" style=""margin-top:0cm;margin-right:0cm;margin-bottom:0cm;
margin-left:49.65pt;margin-bottom:.0001pt;text-indent:-18.0pt;line-height:normal;
mso-list:l2 level1 lfo5""><!--[if !supportLists]--><span style=""font-size: 12pt; font-family: Arial, &quot;sans-serif&quot;;"">a.<span style=""font-variant-numeric: normal; font-variant-east-asian: normal; font-stretch: normal; font-size: 7pt; line-height: normal; font-family: &quot;Times New Roman&quot;;"">&nbsp;&nbsp;&nbsp; </span></span><!--[endif]--><span style=""font-size: 12pt; font-family: Arial, &quot;sans-serif&quot;;"">KUR<span style=""letter-spacing:.7pt"">&nbsp;</span>pada<span style=""letter-spacing:.65pt"">&nbsp;</span>Penyalur<span style=""letter-spacing:.7pt"">&nbsp;</span>KUR<span style=""letter-spacing:.75pt"">&nbsp;</span>yang<span style=""letter-spacing:.65pt"">&nbsp;</span>sama;</span><span style=""font-size: 10.5pt; font-family: Arial, &quot;sans-serif&quot;;""><o:p></o:p></span></p>

<p class=""MsoNormal"" style=""margin-top:0cm;margin-right:0cm;margin-bottom:0cm;
margin-left:49.65pt;margin-bottom:.0001pt;text-indent:-18.0pt;line-height:normal;
mso-list:l2 level1 lfo5""><!--[if !supportLists]--><span style=""font-size: 12pt; font-family: Arial, &quot;sans-serif&quot;;"">b.<span style=""font-variant-numeric: normal; font-variant-east-asian: normal; font-stretch: normal; font-size: 7pt; line-height: normal; font-family: &quot;Times New Roman&quot;;"">&nbsp;&nbsp;&nbsp; </span></span><!--[endif]--><span style=""font-size: 12pt; font-family: Arial, &quot;sans-serif&quot;;"">kredit<span style=""letter-spacing:-.05pt"">&nbsp;</span>kepemilikan rumah;</span><span style=""font-size: 10.5pt; font-family: Arial, &quot;sans-serif&quot;;""><o:p></o:p></span></p>

<p class=""MsoNormal"" style=""margin-top:0cm;margin-right:0cm;margin-bottom:0cm;
margin-left:49.65pt;margin-bottom:.0001pt;text-indent:-18.0pt;line-height:normal;
mso-list:l2 level1 lfo5""><!--[if !supportLists]--><span style=""font-size: 12pt; font-family: Arial, &quot;sans-serif&quot;;"">c.<span style=""font-variant-numeric: normal; font-variant-east-asian: normal; font-stretch: normal; font-size: 7pt; line-height: normal; font-family: &quot;Times New Roman&quot;;"">&nbsp;&nbsp;&nbsp;</span></span><span style=""font-size: 12pt; font-family: Arial, &quot;sans-serif&quot;;"">kredit<span style=""letter-spacing:2.7pt"">&nbsp;</span>atau<span style=""letter-spacing:2.75pt"">&nbsp;</span><i>leasing<span style=""letter-spacing:2.85pt"">&nbsp;</span></i>kendaraan<span style=""letter-spacing:
2.75pt"">&nbsp;</span>bermotor<span style=""letter-spacing:2.7pt"">&nbsp;</span>roda<span style=""letter-spacing:2.7pt"">&nbsp;</span>dua&nbsp;<span style=""letter-spacing:
-2.9pt"">&nbsp;</span>untuk<span style=""letter-spacing:.75pt"">&nbsp;</span>tujuan<span style=""letter-spacing:.8pt"">&nbsp;</span>produktif;</span><span style=""font-size: 10.5pt; font-family: Arial, &quot;sans-serif&quot;;""><o:p></o:p></span></p>

<p class=""MsoNormal"" style=""margin-top:0cm;margin-right:0cm;margin-bottom:0cm;
margin-left:49.65pt;margin-bottom:.0001pt;text-indent:-18.0pt;line-height:normal;
mso-list:l2 level1 lfo5""><!--[if !supportLists]--><span style=""font-size: 12pt; font-family: Arial, &quot;sans-serif&quot;;"">d.<span style=""font-variant-numeric: normal; font-variant-east-asian: normal; font-stretch: normal; font-size: 7pt; line-height: normal; font-family: &quot;Times New Roman&quot;;"">&nbsp;&nbsp;&nbsp; </span></span><!--[endif]--><span style=""font-size: 12pt; font-family: Arial, &quot;sans-serif&quot;;"">kredit<span style=""letter-spacing:.75pt"">&nbsp;</span>dengan<span style=""letter-spacing:
.75pt"">&nbsp;</span>jaminan<span style=""letter-spacing:.75pt"">&nbsp;</span>surat<span style=""letter-spacing:.75pt"">&nbsp;</span>keputusan<span style=""letter-spacing:
.75pt"">&nbsp;</span>pensiun;</span><span style=""font-size: 10.5pt; font-family: Arial, &quot;sans-serif&quot;;""><o:p></o:p></span></p>

<p class=""MsoNormal"" style=""margin-top:0cm;margin-right:0cm;margin-bottom:0cm;
margin-left:49.65pt;margin-bottom:.0001pt;text-indent:-18.0pt;line-height:normal;
mso-list:l2 level1 lfo5""><!--[if !supportLists]--><span style=""font-size: 12pt; font-family: Arial, &quot;sans-serif&quot;;"">e.<span style=""font-variant-numeric: normal; font-variant-east-asian: normal; font-stretch: normal; font-size: 7pt; line-height: normal; font-family: &quot;Times New Roman&quot;;"">&nbsp;&nbsp;&nbsp; </span></span><!--[endif]--><span style=""font-size: 12pt; font-family: Arial, &quot;sans-serif&quot;;"">kartu<span style=""letter-spacing:.15pt"">&nbsp;</span>kredit;</span><span style=""font-size: 10.5pt; font-family: Arial, &quot;sans-serif&quot;;""><o:p></o:p></span></p>

<p class=""MsoNormal"" style=""margin-top:0cm;margin-right:0cm;margin-bottom:0cm;
margin-left:49.65pt;margin-bottom:.0001pt;text-indent:-18.0pt;line-height:normal;
mso-list:l2 level1 lfo5""><!--[if !supportLists]--><span style=""font-size: 12pt; font-family: Arial, &quot;sans-serif&quot;;"">f.<span style=""font-variant-numeric: normal; font-variant-east-asian: normal; font-stretch: normal; font-size: 7pt; line-height: normal; font-family: &quot;Times New Roman&quot;;"">&nbsp;&nbsp;&nbsp;&nbsp; </span></span><!--[endif]--><span style=""font-size: 12pt; font-family: Arial, &quot;sans-serif&quot;;"">kredit<span style=""letter-spacing:.6pt"">&nbsp;</span>resi<span style=""letter-spacing:.6pt"">&nbsp;</span>gudang;<span style=""letter-spacing:.7pt"">&nbsp;</span>dan/<span style=""letter-spacing:.6pt"">&nbsp;</span>atau</span><span style=""font-size: 10.5pt; font-family: Arial, &quot;sans-serif&quot;;""><o:p></o:p></span></p>

<p class=""MsoNormal"" style=""margin-top:0cm;margin-right:0cm;margin-bottom:0cm;
margin-left:49.65pt;margin-bottom:.0001pt;text-indent:-18.0pt;line-height:normal;
mso-list:l2 level1 lfo5""><!--[if !supportLists]--><span style=""font-size: 12pt; font-family: Arial, &quot;sans-serif&quot;;"">g.<span style=""font-variant-numeric: normal; font-variant-east-asian: normal; font-stretch: normal; font-size: 7pt; line-height: normal; font-family: &quot;Times New Roman&quot;;"">&nbsp;&nbsp;&nbsp; </span></span><!--[endif]--><span style=""font-size: 12pt; font-family: Arial, &quot;sans-serif&quot;;"">kredit<span style=""letter-spacing:-.45pt"">&nbsp;</span>konsumsi<span style=""letter-spacing:
-.4pt"">&nbsp;</span>untuk<span style=""letter-spacing:-.4pt"">&nbsp;</span>keperluan<span style=""letter-spacing:-.45pt"">&nbsp;</span>rumah<span style=""letter-spacing:
-.4pt"">&nbsp;</span>tangga<span style=""letter-spacing:-.4pt"">&nbsp;</span>dari<span style=""letter-spacing:-2.95pt"">&nbsp;</span>bank maupun Lembaga Keuangan
Non-Bank sesuai<span style=""letter-spacing:.05pt"">&nbsp;</span>dengan<span style=""letter-spacing:.05pt"">&nbsp;</span>definisi<span style=""letter-spacing:
.05pt"">&nbsp;</span>pada<span style=""letter-spacing:.05pt"">&nbsp;</span>peraturan<span style=""letter-spacing:.05pt"">&nbsp;</span>perundangan.</span><span style=""font-size: 10.5pt; font-family: Arial, &quot;sans-serif&quot;;""><o:p></o:p></span></p>

<p class=""MsoListParagraphCxSpFirst"" style=""margin-top:0cm;margin-right:0cm;
margin-bottom:7.5pt;margin-left:1.0cm;mso-add-space:auto;text-indent:-18.0pt;
line-height:normal;mso-list:l5 level1 lfo2""><!--[if !supportLists]--><span style=""font-size:12.0pt;font-family:&quot;Arial&quot;,&quot;sans-serif&quot;;mso-fareast-font-family:
Arial;color:black;mso-fareast-language:IN"">6.<span style=""font-variant-numeric: normal; font-variant-east-asian: normal; font-stretch: normal; font-size: 7pt; line-height: normal; font-family: &quot;Times New Roman&quot;;"">&nbsp;&nbsp;&nbsp; </span></span><!--[endif]--><span style=""font-size: 12pt; font-family: Arial, &quot;sans-serif&quot;;"">Ketentuan KUR super
mikro: </span><span style=""font-size:10.5pt;font-family:&quot;Arial&quot;,&quot;sans-serif&quot;;
mso-fareast-font-family:&quot;Times New Roman&quot;;color:black;mso-fareast-language:
IN""><o:p></o:p></span></p>

<p class=""MsoListParagraphCxSpMiddle"" style=""margin-top:0cm;margin-right:0cm;
margin-bottom:0cm;margin-left:49.65pt;margin-bottom:.0001pt;mso-add-space:auto;
text-indent:-18.0pt;line-height:normal;mso-list:l6 level1 lfo6""><!--[if !supportLists]--><span style=""font-size:12.0pt;font-family:&quot;Arial&quot;,&quot;sans-serif&quot;;mso-fareast-font-family:
Arial;color:black;mso-fareast-language:IN"">a.<span style=""font-variant-numeric: normal; font-variant-east-asian: normal; font-stretch: normal; font-size: 7pt; line-height: normal; font-family: &quot;Times New Roman&quot;;"">&nbsp;&nbsp;&nbsp; </span></span><!--[endif]--><span style=""font-size: 12pt; font-family: Arial, &quot;sans-serif&quot;;"">Suku Bunga/Marjin KUR
super mikro sebesar 3% (tiga<span style=""letter-spacing:.05pt"">&nbsp;</span>persen)
efektif per tahun atau disesuaikan dengan Suku <span style=""letter-spacing:
-2.9pt"">&nbsp;</span>Bunga/ Marjin<span style=""letter-spacing:.55pt"">&nbsp;</span><i>flat</i>/
anuitas<span style=""letter-spacing:.8pt"">&nbsp;</span>yang<span style=""letter-spacing:.8pt"">&nbsp;</span>setara.</span><span style=""font-size:
10.5pt;font-family:&quot;Arial&quot;,&quot;sans-serif&quot;;mso-fareast-font-family:&quot;Times New Roman&quot;;
color:black;mso-fareast-language:IN""><o:p></o:p></span></p>

<p class=""MsoListParagraphCxSpLast"" style=""margin-top:0cm;margin-right:0cm;
margin-bottom:0cm;margin-left:49.65pt;margin-bottom:.0001pt;mso-add-space:auto;
text-indent:-18.0pt;line-height:normal;mso-list:l6 level1 lfo6""><!--[if !supportLists]--><span style=""font-size:12.0pt;font-family:&quot;Arial&quot;,&quot;sans-serif&quot;;mso-fareast-font-family:
Arial;color:black;mso-fareast-language:IN"">b.<span style=""font-variant-numeric: normal; font-variant-east-asian: normal; font-stretch: normal; font-size: 7pt; line-height: normal; font-family: &quot;Times New Roman&quot;;"">&nbsp;&nbsp;&nbsp; </span></span><!--[endif]--><span style=""font-size: 12pt; font-family: Arial, &quot;sans-serif&quot;;"">Jangka<span style=""letter-spacing:1.1pt"">&nbsp;</span>waktu<span style=""letter-spacing:
1.1pt"">&nbsp;</span>KUR<span style=""letter-spacing:1.15pt"">&nbsp;</span>super<span style=""letter-spacing:1.1pt"">&nbsp;</span>mikro:</span><span style=""font-size:
10.5pt;font-family:&quot;Arial&quot;,&quot;sans-serif&quot;;mso-fareast-font-family:&quot;Times New Roman&quot;;
color:black;mso-fareast-language:IN""><o:p></o:p></span></p>

<p class=""MsoNormal"" style=""margin-top:0cm;margin-right:0cm;margin-bottom:0cm;
margin-left:63.8pt;margin-bottom:.0001pt;text-indent:-14.2pt;line-height:normal;
mso-list:l4 level2 lfo7""><!--[if !supportLists]--><span style=""font-size: 12pt; font-family: Arial, &quot;sans-serif&quot;;"">1)<span style=""font-variant-numeric: normal; font-variant-east-asian: normal; font-stretch: normal; font-size: 7pt; line-height: normal; font-family: &quot;Times New Roman&quot;;"">&nbsp; </span></span><!--[endif]--><span style=""font-size: 12pt; font-family: Arial, &quot;sans-serif&quot;;"">paling lama 3 (tiga)
tahun untuk kredit/pembiayaan<span style=""letter-spacing:-2.9pt"">&nbsp;</span>modal<span style=""letter-spacing:.7pt"">&nbsp;</span>kerja;</span><span style=""font-size: 10.5pt; font-family: Arial, &quot;sans-serif&quot;;""><o:p></o:p></span></p>

<p class=""MsoNormal"" style=""margin-top:0cm;margin-right:0cm;margin-bottom:0cm;
margin-left:63.8pt;margin-bottom:.0001pt;text-indent:-14.2pt;line-height:normal;
mso-list:l4 level2 lfo7""><!--[if !supportLists]--><span style=""font-size: 12pt; font-family: Arial, &quot;sans-serif&quot;;"">2)<span style=""font-variant-numeric: normal; font-variant-east-asian: normal; font-stretch: normal; font-size: 7pt; line-height: normal; font-family: &quot;Times New Roman&quot;;"">&nbsp; </span></span><!--[endif]--><span style=""font-size: 12pt; font-family: Arial, &quot;sans-serif&quot;;"">paling<span style=""letter-spacing:-.7pt"">&nbsp;</span><span style=""letter-spacing:-.05pt"">lama</span><span style=""letter-spacing:-.7pt"">&nbsp;</span><span style=""letter-spacing:-.05pt"">5</span><span style=""letter-spacing:-.65pt"">&nbsp;</span><span style=""letter-spacing:-.05pt"">(lima)</span><span style=""letter-spacing:-.6pt"">&nbsp;</span><span style=""letter-spacing:-.05pt"">tahun</span><span style=""letter-spacing:-.7pt"">&nbsp;</span>untuk<span style=""letter-spacing:
-.7pt"">&nbsp;</span>kredit/pembiayaan<span style=""letter-spacing:-2.9pt"">&nbsp;</span>investasi,
dengan&nbsp;<i>grace period&nbsp;</i>sesuai dengan penilaian Penyalur<span style=""letter-spacing:.05pt"">&nbsp;</span>KUR.</span><span style=""font-size: 10.5pt; font-family: Arial, &quot;sans-serif&quot;;""><o:p></o:p></span></p>

<p class=""MsoListParagraph"" style=""margin-top:0cm;margin-right:0cm;margin-bottom:
7.5pt;margin-left:1.0cm;mso-add-space:auto;text-indent:-18.0pt;line-height:
normal;mso-list:l5 level1 lfo2""><!--[if !supportLists]--><span style=""font-size:
12.0pt;font-family:&quot;Arial&quot;,&quot;sans-serif&quot;;mso-fareast-font-family:Arial;
color:black;mso-fareast-language:IN"">7.<span style=""font-variant-numeric: normal; font-variant-east-asian: normal; font-stretch: normal; font-size: 7pt; line-height: normal; font-family: &quot;Times New Roman&quot;;"">&nbsp;&nbsp;&nbsp; </span></span><!--[endif]--><span style=""font-size: 12pt; font-family: Arial, &quot;sans-serif&quot;;"">Dalam hal skema
pembayaran KUR&nbsp;super mikro, Penerima KUR dapat melakukan pembayaran pokok
dan suku bunga/marjin KUR Mikro secara angsuran berkala dan/atau pembayaran
sekaligus saat jatuh tempo sesuai dengan kesepakatan antara Penerima KUR dan
Penyalur KUR dengan memerhatikan kebutuhan skema pembiayaan masing–masing
penerima KUR.</span><span style=""font-size:10.5pt;font-family:&quot;Arial&quot;,&quot;sans-serif&quot;;
mso-fareast-font-family:&quot;Times New Roman&quot;;color:black;mso-fareast-language:
IN""><o:p></o:p></span></p>

<p class=""MsoNormal"" style=""margin-bottom:0cm;margin-bottom:.0001pt;line-height:
normal""><span style=""font-size:12.0pt;font-family:&quot;Arial&quot;,&quot;sans-serif&quot;;
mso-fareast-font-family:&quot;Times New Roman&quot;;color:black;mso-fareast-language:
IN"">&nbsp;</span><span style=""font-size:10.5pt;font-family:&quot;Arial&quot;,&quot;sans-serif&quot;;
mso-fareast-font-family:&quot;Times New Roman&quot;;color:black;mso-fareast-language:
IN""><o:p></o:p></span></p>

<p class=""MsoNormal"" style=""margin-bottom:0cm;margin-bottom:.0001pt;line-height:
normal""><span style=""font-size:12.0pt;font-family:&quot;Arial&quot;,&quot;sans-serif&quot;;
mso-fareast-font-family:&quot;Times New Roman&quot;;color:black;mso-fareast-language:
IN"">&nbsp;</span><span style=""font-size:10.5pt;font-family:&quot;Arial&quot;,&quot;sans-serif&quot;;
mso-fareast-font-family:&quot;Times New Roman&quot;;color:black;mso-fareast-language:
IN""><o:p></o:p></span></p>

<p class=""MsoNormal""><span style=""font-family:&quot;Arial&quot;,&quot;sans-serif&quot;"">&nbsp;</span></p>",https://kur.jogjaprov.go.id/storage/page/7fdc1a630c238af0815181f9faa190f5_1676442824_300px.jpg,kur-super-mikro,REQUIREMENT,2021-12-20 05:51:05,2023-08-08 09:45:52,,"KUR Super Mikro diberikan kepada penerima KUR dengan jumlah nilai akad/plafon pengajuan kredit di atas Rp 1.000.000,- dan paling banyak Rp 10.000.000,-",
43d2cc7f-8c9f-4566-a225-cfde850ec2f5,Wenny Karmila,"Mudah, cepat, serta sangat membantu dalam proses pengajuan KUR",https://kur.jogjaprov.go.id/storage/page/88fe6d2574346355bc55bfee6a3f35de_1694412467_300px.png,wenny-karmila,TESTIMONIAL,2022-02-02 12:05:18,2023-09-11 14:07:47,,,
d591a368-5fd8-4436-99c6-524fe9c594c6,Suroso,"Saya merasa terbantu dengan adanya website KUR, sehingga bisa untuk mengembangkan usaha lagi",https://kur.jogjaprov.go.id/storage/page/88fe6d2574346355bc55bfee6a3f35de_1694412429_300px.png,suroso,TESTIMONIAL,2022-02-03 15:24:24,2023-09-11 14:07:09,,,
fcbc4214-7f4e-40ce-be5a-7976e340d362,Zumroh Farida,Lebih memudahkan dan lebih cepat.,https://kur.jogjaprov.go.id/storage/page/88fe6d2574346355bc55bfee6a3f35de_1694412510_300px.png,zumroh-farida,TESTIMONIAL,2022-02-03 16:08:22,2023-09-11 14:08:30,,,
"0f9cea35-e998-4491-8a15-7d9ae65404e7",Fitri Mulyaningsih,"Syarat pengajuan sangat tidak rumit, pak mantri nya ramah , saat pencairan juga cepat, yang paling penting bunganya tidak banyak",https://kur.jogjaprov.go.id/storage/page/88fe6d2574346355bc55bfee6a3f35de_1694412363_300px.png,fitri-mulyaningsih,TESTIMONIAL,2022-02-04 10:01:54,2023-09-11 14:06:03,,,
95cb7b16-869d-42e1-b0ab-7245b35f2715,Devri Harmanda Putra,"Alhamdulillah dengan adanya website sy mendapat kemudahan mengenai informasi KUR dan syaratÂ² pengajuannya.. selain itu saya juga mendapat pelayanan yang baik dan sigap dari pihak bank BRI, saya sangat berterima kasih karna dengan adanya layanan ini, usaha sy bisa berjalan dengan baik..&nbsp;",https://kur.jogjaprov.go.id/storage/page/88fe6d2574346355bc55bfee6a3f35de_1694412344_300px.png,devri-harmanda-putra,TESTIMONIAL,2022-02-04 10:07:33,2023-09-11 14:05:44,,,
fc0eba78-6bcc-4a60-9c6b-50dd708c395e,Muhammad tamyiz,"Mantab, menjadi lebih mudah untuk pengajuan",https://kur.jogjaprov.go.id/storage/page/88fe6d2574346355bc55bfee6a3f35de_1694412378_300px.png,muhammad-tamyiz,TESTIMONIAL,2022-02-04 10:10:01,2023-09-11 14:06:18,,,
8d4578db-174a-4f44-a81e-273e1b12e97d,Sutrisni,Pelayanan cepat dan mudah,https://kur.jogjaprov.go.id/storage/page/88fe6d2574346355bc55bfee6a3f35de_1694412442_300px.png,sutrisni,TESTIMONIAL,2022-02-04 10:22:38,2023-09-11 14:07:22,,,
7765ce37-96f7-4095-acc0-717d2a737686,Supriyanto,Bunga ringan tenor panjang,https://kur.jogjaprov.go.id/storage/page/88fe6d2574346355bc55bfee6a3f35de_1694412416_300px.png,supriyanto,TESTIMONIAL,2022-02-04 10:25:27,2023-09-11 14:06:56,,,
f4485aea-026b-455a-8506-f7a264810101,Agita isfiani kharisma,"Awalnya hanya usaha rumahan dengan omset hanya 10jt/bln. Sejak ada bantuan KUR, usaha kami berkembang di tempat baru dengan omset 5x lipat/bln. Percaya ga percaya, tapi ini yg terjadi pada usaha kami. Terima kasih KUR, terutama BRI yg sdh percaya pada kami.",https://kur.jogjaprov.go.id/storage/page/88fe6d2574346355bc55bfee6a3f35de_1694412329_300px.png,agita-isfiani-kharisma,TESTIMONIAL,2022-02-04 10:28:21,2023-09-11 14:05:29,,,
43e45f43-f964-43b7-804a-5325d65c8fc0,Adhi Purnama,KUR adalah soulmate UMKM,https://kur.jogjaprov.go.id/storage/page/88fe6d2574346355bc55bfee6a3f35de_1694412275_300px.png,adhi-purnama,TESTIMONIAL,2022-02-04 10:30:05,2023-09-11 14:04:35,,,
8bc208a6-a2fd-409f-aa2a-b41d13db5b5c,Ria Putri Aristantia,Pengajuan kur melalui website kurjogja.id sangat cepat ditanggapi. Trimakasih Bri Unit Pajangan,https://kur.jogjaprov.go.id/storage/page/88fe6d2574346355bc55bfee6a3f35de_1694412399_300px.png,ria-putri-aristantia,TESTIMONIAL,2022-02-04 10:31:56,2023-09-11 14:06:39,,,
a77457ca-0057-416d-8aac-bcfa692bf484,"TINGKATKAN PERLUASAN AKSES KEUANGAN, TPAKD DIY LAUNCHING WEBSITE KUR.JOGJAPROV.GO.ID","<span style=""line-height: 115%; font-family: &quot;Bookman Old Style&quot;, &quot;serif&quot;;""><p class=""MsoNormal"" align=""center"" style=""text-align: right; font-size: 9pt; margin: 3pt -14.3pt 3pt 0cm;""><br></p><p class=""MsoNormal"" align=""center"" style=""margin: 3pt -14.3pt 3pt 0cm; text-align: center;""><b>SIARAN PERS</b></p><p class=""MsoNormal"" align=""center"" style=""margin: 3pt -14.3pt 3pt 0cm; text-align: center;""><b>SP 1/KOYK/OJK/III/2022</b></p><p class=""MsoNormal"" align=""center"" style=""margin: 3pt -14.3pt 3pt 0cm; text-align: center;""><br></p><p class=""MsoNormal"" align=""center"" style=""margin: 3pt -14.3pt 3pt 0cm; text-align: center;""><b>TINGKATKAN PERLUASAN AKSES KEUANGAN, TPAKD DIY <i>LAUNCHING WEBSITE
</i>KUR.JOGJAPROV.GO.ID</b><br></p><p class=""MsoNormal"" align=""center"" style=""margin: 3pt -14.3pt 3pt 0cm; text-align: center;""><b><br></b></p><p class=""MsoNormal"" align=""center"" style=""margin: 3pt -14.3pt 3pt 0cm; text-align: center;""><br></p><div style=""text-align: center;""><p class=""MsoNormal"" style=""margin-top:0cm;margin-right:-14.3pt;margin-bottom:
0cm;margin-left:0cm;margin-bottom:.0001pt;text-align:justify;line-height:134%;
tab-stops:36.0pt 130.5pt"">Yogyakarta, 23 Maret 2022<b>.</b> Tim Percepatan Akses Keuangan Daerah (TPAKD)
Daerah Istimewa Yogyakarta me<i>launching</i>
secara resmi <i>website</i>
kur.jogjaprov.go.id dalam rangka mendukung akselerasi perluasan akses keuangan
kepada masyarakat melalui penyaluran KUR kepada sektor produktif khususnya di
wilayah Daerah Istimewa Yogyakarta. Prosesi <i>launching</i>
dilaksanakan di Ruang Indraprastha, Kantor Otoritas Jasa Keuangan Daerah
Istimewa Yogyakarta dan dihadiri oleh Sekretaris Daerah DIY, Drs. Raden
Kadarmanta Baskara Aji; Kepala OJK Daerah Istimewa Yogyakarta, Parjiman; Asisten
Sekretaris Daerah DIY Bidang Perekonomian dan Pembangunan, Drs. Tri Saktiyana,
M.Si; Kepala OPD di wilayah DIY, lembaga jasa keuangan, akademisi, dan pihak
terkait lainnya. <o:p></o:p></p><p class=""MsoNormal"" style=""margin-top:0cm;margin-right:-14.3pt;margin-bottom:
0cm;margin-left:0cm;margin-bottom:.0001pt;text-align:justify;line-height:134%;
tab-stops:36.0pt 130.5pt""><br></p><p class=""MsoNormal"" style=""margin-top:0cm;margin-right:-14.3pt;margin-bottom:
0cm;margin-left:0cm;margin-bottom:.0001pt;text-align:justify;line-height:134%;
tab-stops:36.0pt 130.5pt"">“<i>Website</i>
kur.jogjaprov.go.id merupakan sebuah aplikasi berbasis web yang bertujuan
memberikan kemudahan bagi masyarakat untuk mengajukan Kredit Usaha Rakyat (KUR)
kepada perbankan. Hal ini adalah salah satu upaya TPAKD DIY untuk mendukung perluasan
akses keuangan kepada masyarakat. Harapannya setelah diluncurkan, <i>website</i> kur.jogjaprov.go.id dapat
dimanfaatkan oleh masyarakat untuk mendapatkan pembiayaan produktif bagi
usahanya guna mendukung pemulihan ekonomi daerah” kata Kepala OJK Daerah
Istimewa Yogyakarta, Parjiman. <o:p></o:p></p><p class=""MsoNormal"" style=""margin-top:0cm;margin-right:-14.3pt;margin-bottom:
0cm;margin-left:0cm;margin-bottom:.0001pt;text-align:justify;line-height:134%;
tab-stops:36.0pt 130.5pt""><br></p><p class=""MsoNormal"" style=""margin-top:0cm;margin-right:-14.3pt;margin-bottom:
0cm;margin-left:0cm;margin-bottom:.0001pt;text-align:justify;line-height:134%;
tab-stops:36.0pt 130.5pt"">Dalam kesempatan yang sama, Sekretaris Daerah
DIY, Drs. Raden Kadarmanta Baskara Aji juga menyampaikan apresiasi terhadap inisiasi
pembuatan <i>website</i> kur.jogjaprov.go.id
serta menekankan bahwa TPAKD DIY perlu membangun sinergitas yang
berkesinambungan dengan pemerintah pusat, pemerintah daerah, lembaga jasa
keuangan, swasta dan masyarakat dalam rangka menciptakan program kerja yang
inovatif terkait dengan perluasan akses keuangan guna menjembatani kesenjangan
akses keuangan serta memudahkan masyarakat dalam memperoleh akses pembiayaan
dan permodalan.<o:p></o:p></p><p class=""MsoNormal"" style=""margin-top:0cm;margin-right:-14.3pt;margin-bottom:
0cm;margin-left:0cm;margin-bottom:.0001pt;text-align:justify;line-height:134%;
tab-stops:36.0pt 130.5pt""><br></p><p class=""MsoNormal"" style=""margin-top:0cm;margin-right:-14.3pt;margin-bottom:
0cm;margin-left:0cm;margin-bottom:.0001pt;text-align:justify;line-height:134%;
tab-stops:36.0pt 130.5pt"">Acara kemudian dilanjutkan dengan pelaksanaan
Rapat Pleno TPAKD DIY Semester 1 Tahun 2022 yang dipimpin oleh Asisten
Sekretaris Daerah DIY Bidang Perekonomian dan Pembangunan, Drs. Tri Saktiyana,
M.Si dengan agenda pembahasan berupa evaluasi terhadap implementasi program
kerja TPAKD DIY selama tahun 2021 serta penetapan program kerja TPAKD DIY pada
tahun 2022. <o:p></o:p></p><p class=""MsoNormal"" style=""margin-top:0cm;margin-right:-14.3pt;margin-bottom:
0cm;margin-left:0cm;margin-bottom:.0001pt;text-align:justify;line-height:134%;
tab-stops:36.0pt 130.5pt""><br></p><p class=""MsoNormal"" style=""margin-top:0cm;margin-right:-14.3pt;margin-bottom:
0cm;margin-left:0cm;margin-bottom:.0001pt;text-align:justify;line-height:134%;
tab-stops:36.0pt 130.5pt"">Adapun program kerja TPAKD DIY selama tahun
2022 diantaranya adalah <i>business matching</i>
penguatan ekosistem ekonomi dan keuangan digital sebagai program unggulan,
optimalisasi produk dan layanan keuangan melalui Kredit/Pembiayaan Melawan
Rentenir (K/PMR) dengan penyaluran Kredit Pemberdayaan Ekonomi Daerah (PEDE)
oleh PT BPD DIY, program penguatan infrastruktur dan akses keuangan melalui <i>website</i> kur.jogjaprov.go.id serta
inisiasi pembentukan kampung digital, program lingkup sekolah berbudaya
menabung dan wirausaha (Lilah Dana dan Usaha) serta program asistensi dan
pendampingan berupa penumbuhan ekonomi melalui penguatan kapasitas kelembagaan
sebagai program tematik. <o:p></o:p></p><p class=""MsoNormal"" style=""margin-top:0cm;margin-right:-14.3pt;margin-bottom:
0cm;margin-left:0cm;margin-bottom:.0001pt;text-align:justify;line-height:134%;
tab-stops:36.0pt 130.5pt""><br></p><p class=""xmsonormal"" style=""margin: 0cm -14.3pt 0.0001pt 0cm; text-align: justify; line-height: 134%; background-image: initial; background-position: initial; background-size: initial; background-repeat: initial; background-attachment: initial; background-origin: initial; background-clip: initial;""><span style=""font-size: 11pt; line-height: 134%; color: black;"">Selanjutnya, kehadiran TPAKD ke depan diharapkan dapat
menjadi </span><span lang=""EN-ID"" style=""font-size: 11pt; line-height: 134%;"">akselerator
dalam rangka mendorong</span><span lang=""EN-ID"" style=""font-size: 11pt; line-height: 134%;""> </span><span lang=""EN-ID"" style=""font-size: 11pt; line-height: 134%;"">ketersediaan dan pemanfaatan akses keuangan formal
sesuai</span><span lang=""EN-ID"" style=""font-size: 11pt; line-height: 134%;""> </span><span lang=""EN-ID"" style=""font-size: 11pt; line-height: 134%;"">dengan kebutuhan dan kemampuan masyarakat di daerah
guna</span><span lang=""EN-ID"" style=""font-size: 11pt; line-height: 134%;""> </span><span lang=""EN-ID"" style=""font-size: 11pt; line-height: 134%;"">pemerataan ekonomi dan kesejahteraan masyarakat</span><span style=""font-size: 11pt; line-height: 134%; color: black;"">.<o:p></o:p></span></p><p class=""xmsonormal"" align=""center"" style=""margin: 0cm -14.3pt 0.0001pt 0cm; line-height: 134%; background-image: initial; background-position: initial; background-size: initial; background-repeat: initial; background-attachment: initial; background-origin: initial; background-clip: initial;""><span lang=""IN"" style=""font-size: 11pt; line-height: 134%; color: black;"">***</span><span lang=""EN-ID"" style=""font-size: 11pt; line-height: 134%; color: black;""><o:p></o:p></span></p><p class=""xmsonormal"" style=""margin: 0cm -14.3pt 0.0001pt 0cm; text-align: justify; line-height: 134%; background-image: initial; background-position: initial; background-size: initial; background-repeat: initial; background-attachment: initial; background-origin: initial; background-clip: initial;""><span lang=""IN"" style=""font-size: 11pt; line-height: 134%; color: black;"">Informasi lebih lanjut:</span><span lang=""EN-ID"" style=""font-size: 11pt; line-height: 134%; color: black;""><o:p></o:p></span></p><p class=""xmsonormal"" style=""margin: 0cm -14.2pt 0.0001pt 0cm; text-align: justify; line-height: 134%; background-image: initial; background-position: initial; background-size: initial; background-repeat: initial; background-attachment: initial; background-origin: initial; background-clip: initial;""><span style=""font-size: 11pt; line-height: 134%; color: black;"">Kantor OJK Daerah Istimewa Yogyakarta<o:p></o:p></span></p><p class=""MsoNormal"" style=""margin-top:0cm;margin-right:-14.3pt;margin-bottom:
0cm;margin-left:0cm;margin-bottom:.0001pt;text-align:justify;line-height:134%;
tab-stops:36.0pt 130.5pt"">

















<span lang=""IN"" style=""font-size: 11pt; line-height: 115%; color: black;"">Telp. </span><span style=""font-size: 11pt; line-height: 115%; color: black;"">(0274) 4605790</span><br></p></div></span>",https://kur.jogjaprov.go.id/storage/page/4ea7af3523d91315390ff0fb8c61d7f3_1676363789_300px.jpg,tingkatkan-perluasan-akses-keuangan-tpakd-diy-launching-website-kurjogjaprovgoid,NEWS,2022-03-24 17:34:11,2023-02-14 16:36:29,be9f9b72-bca8-42bf-a692-6eb26cdb01a8,,
8a05d9bf-30c1-46f7-8066-b6b37b9c30ff,"Beri Penghargaan KUR, Airlangga Sampaikan Arah Pengembangan UMKM","<p style=""margin-bottom: 1.26rem; padding: 0px; font-family: Lora, Georgia, serif; border: 0px; font-variant-numeric: inherit; font-variant-east-asian: inherit; font-stretch: inherit; font-size: 1.16rem; line-height: 1.9rem; vertical-align: baseline; color: rgb(0, 0, 0); text-align: justify;"">Salah satu faktor pendorong pertumbuhan ekonomi pada tahun 2021 berasal dari aktivitas&nbsp;<a href=""https://ekbis.harianjogja.com/read/2022/01/11/502/1093178/menko-airlangga-koordinasi-dan-sinergi-terus-ditingkatkan-untuk-jaga-momentum-pemulihan-ekonomi"" title=""Ekonomi"" style=""margin: 0px; padding: 0px; font: inherit; border: 0px; vertical-align: baseline;"">ekonomi</a>&nbsp;Usaha Mikro, Kecil, dan Menengah (UMKM). Di masa pandemi Covid-19 ini, pemulihan UMKM menjadi salah satu program utama Pemerintah dan diwujudkan melalui dukungan kebijakan terhadap UMKM dan korporasi dengan anggaran yang mencapai Rp162,40 triliun dari total anggaran dalam Program Pemulihan Ekonomi Nasional 2021 yang mencapai Rp744,77 triliun.</p><p style=""margin-bottom: 1.26rem; padding: 0px; font-family: Lora, Georgia, serif; border: 0px; font-variant-numeric: inherit; font-variant-east-asian: inherit; font-stretch: inherit; font-size: 1.16rem; line-height: 1.9rem; vertical-align: baseline; color: rgb(0, 0, 0); text-align: justify;"">“Berbagai kebijakan Pemerintah untuk memulihkan UMKM antara lain Bantuan Pelaku Usaha Mikro (BPUM), Bantuan Tunai Pedagang Kaki Lima dan Warung (BT-PKLW) dan tambahan subsidi Kredit Usaha Rakyat (KUR) 3 persen,” ungkap&nbsp;<a href=""https://ekbis.harianjogja.com/read/2022/01/02/502/1092312/menteri-airlangga-sebut-fundamental-ekonomi-indonesia-tergolong-sangat-baik"" title=""Menteri"" style=""margin: 0px; padding: 0px; font: inherit; border: 0px; vertical-align: baseline;"">Menteri</a>&nbsp;Koordinator Bidang Perekonomian Airlangga Hartarto saat memberikan keynote speech dalam acara KUR Award 2021 di Jakarta, Selasa (18/1/2021), melalui rilis yang diterima&nbsp;<span style=""margin: 0px; padding: 0px; font: inherit; border: 0px; vertical-align: baseline;"">Harianjogja.com,&nbsp;</span>Rabu (19/1/2022).</p><p style=""margin-bottom: 1.26rem; padding: 0px; font-family: Lora, Georgia, serif; border: 0px; font-variant-numeric: inherit; font-variant-east-asian: inherit; font-stretch: inherit; font-size: 1.16rem; line-height: 1.9rem; vertical-align: baseline; color: rgb(0, 0, 0); text-align: justify;"">Dengan suku bunga KUR 3% maka pertumbuhan KUR pada tahun 2021 meningkat pesat hingga mencapai 41,9% dengan realisasi penyaluran KUR tahun 2021 yang mencapai Rp281,86 triliun, atau sekitar 98,9% dari perubahan target tahun 2021 sebesar Rp285 triliun, dengan Non Performing Loan (NPL) yang relatif rendah sebesar 0,98%.</p><p style=""margin-bottom: 1.26rem; padding: 0px; font-family: Lora, Georgia, serif; border: 0px; font-variant-numeric: inherit; font-variant-east-asian: inherit; font-stretch: inherit; font-size: 1.16rem; line-height: 1.9rem; vertical-align: baseline; color: rgb(0, 0, 0); text-align: justify;"">Peningkatan yang terjadi tidak hanya pada nominal penyaluran KUR, namun juga pada jumlah UMKM penerima KUR yang meningkat dari sebesar 6,1 juta debitur pada tahun 2020 menjadi 7,4 juta debitur pada tahun 2021.</p><p style=""margin-bottom: 1.26rem; padding: 0px; font-family: Lora, Georgia, serif; border: 0px; font-variant-numeric: inherit; font-variant-east-asian: inherit; font-stretch: inherit; font-size: 1.16rem; line-height: 1.9rem; vertical-align: baseline; color: rgb(0, 0, 0); text-align: justify;"">“Tahun 2022 ini, Pemerintah kembali meningkatkan plafon KUR menjadi Rp373,17 triliun dan memperpanjang tambahan subsidi bunga KUR 3% sehingga suku bunga KUR 3% berlanjut hingga akhir Juni 2022,” ujar Menko Airlangga.</p><p style=""margin-bottom: 1.26rem; padding: 0px; font-family: Lora, Georgia, serif; border: 0px; font-variant-numeric: inherit; font-variant-east-asian: inherit; font-stretch: inherit; font-size: 1.16rem; line-height: 1.9rem; vertical-align: baseline; color: rgb(0, 0, 0); text-align: justify;"">Pencapaian yang positif pada program KUR ini tidak terlepas dari kerja sama yang kuat di antara para pihak yang telah mendukung KUR yakni 14 Menteri dan Kepala Lembaga teknis anggota Komite Kebijakan Pembiayaan bagi UMKM, seluruh kepala daerah, penyalur dan penjamin KUR.</p>",https://kur.jogjaprov.go.id/storage/page/d4e15d12a08d1e56082f4e452b7b400d_1676363450_300px.jpg,beri-penghargaan-kur-airlangga-sampaikan-arah-pengembangan-umkm,NEWS,2022-05-30 16:03:40,2023-02-14 16:30:50,be9f9b72-bca8-42bf-a692-6eb26cdb01a8,,null
385bd969-076d-458b-a493-54f64ec0a878,Rapat Pleno TPAKD DIY dan Launching Website kur.jogjaprov.go.id,"<span style=""color: rgb(3, 3, 3); font-family: Roboto, Arial, sans-serif; white-space: pre-wrap; background-color: rgb(249, 249, 249);"">Rapat Pleno semester pertama ini menentukan program kerja TPAKD, anggaran tahun berjalan, dan strategi program. Pada kesempatan ini juga, dilaunching web kur.jogjaprov.go.id yang merupakan salah satu program TPAKD DIY untuk mendukung akselerasi akses keuangan kepada masyarakat khususnya melalui program KUR.</span>",https://kur.jogjaprov.go.id/storage/page/4e285695aa0c91d3ead50d4f0e423fa6_1676363332_300px.jpg,rapat-pleno-tpakd-diy-dan-launching-website-kurjogjaprovgoid,NEWS,2022-05-30 16:12:35,2023-02-14 16:28:52,2007976d-0a1f-4596-b2a0-6cb9c5d2f297,,"<iframe width=""560"" height=""315"" src=""https://www.youtube.com/embed/PdWwwNSv7PM"" title=""YouTube video player"" frameborder=""0"" allow=""accelerometer; autoplay; clipboard-write; encrypted-media; gyroscope; picture-in-picture"" allowfullscreen></iframe>"
7e44c73b-4752-4223-9b2b-c64d215ce6d9,Rapat Pleno TPAKD DIY 2024 ''Optimalisasi Penyaluran KUR melalui Program Kerja TPAKD'',"<div style=""text-align: justify;"">Rapat Pleno Tim Percepatan Akses Keuangan Daerah (TPAKD) DIY dalam rangka penetapan Program Kerja Tahun 2024 telah dilaksanakan tanggal 21 Februari 2024 di Ruang Rapat Unit 9 Biro Umum, humas, dan Protokol DIY.&nbsp;</div><div style=""text-align: justify;"">Diharapkan melalui pelaksanaan program kerja TPAKD DIY ini mampu mendorong percepatan penyaluran KUR dalam rangka memberikan kemudahan pembiayaan/permodalan usaha bagi UMKM.&nbsp;</div><div style=""text-align: justify;"">Program Kerja yang akan dilaksanakan antara lain:</div><div style=""text-align: justify;""><p class=""MsoNormal""><ol><li>Program &nbsp;Pemerataan Aksesibilitas Pemanfaatan Produk/Layanan Keuangan Bank dan Non Bank</li><li>Program Pengembangan Website Kur Jogja (kur.jogjaprov.go.id)</li><li>Program &nbsp;Lingkup Sekolah Berbudaya Menabung &amp; Wirausaha (Lillah Dana &amp; Usaha)</li><li>Program Kredit/Pembiayaan Melawan Rentenir (K/PMR) Kredit Pembangunan Ekonomi Daerah (Kredit Pede) BPD DIY</li><li>Program Pemberdayaan Usaha Wanita Go Digital</li><li>Program Pengembangan Ekosistem Ekonomi Inklusif di Wilayah &nbsp;Perdesaan (Selopamioro Imogiri Bantul)</li></ol></p><p class=""MsoNormal""><span style=""mso-spacerun:'yes';font-family:Calibri;mso-fareast-font-family:等线;
mso-bidi-font-family:'Times New Roman';"">&nbsp;</span></p></div>",https://kur.jogjaprov.go.id/storage/page/8b5a700e37344c423d411fc82690ca56_1709702378_300px.jpg,rapat-pleno-tpakd-diy-2024-optimalisasi-penyaluran-kur-melalui-program-kerja-tpakd,NEWS,2024-03-06 13:19:38,2024-03-06 13:19:38,2007976d-0a1f-4596-b2a0-6cb9c5d2f297,,null
f3f96c02-e429-45d7-90c0-2186ad862d4f,Optimalisasi Penyaluran KUR oleh LJK Syariah dalam KDEKS DIY,"Penyaluran KUR juga dioptimalkan melalui kerja Komite Daerah Ekonomi Keuangan Syariah (KDEKS) DIY. Pertemuan Sinergi Program Strategis Ekonomi dan Keuangan Syariah Nasional dan Daerah DIY telah dilaksanakan tanggal 28 Februari 2024 di Ruang Rapat Besar KPw Bank Indonesia DIY.&nbsp;<div>Penyaluran KUR dilakukan oleh LJK syariah di DIY yakni BSI, UUS BPD DIY, dan Pegadaian. KDEKS juga mendorong UMKM penikmat KUR syariah untuk memiliki sertifikasi halal sebelum tanggal 17 Oktober 2024. Sertifikasi halal difasilitasi oleh BPJPH DIY, Kementerian Agama DIY, dan Dinas Koperasi dan UKM DIY.&nbsp;</div>",https://kur.jogjaprov.go.id/storage/page/b46531ffb9c279ef2aef79b6722991ba_1709703428_300px.jpg,optimalisasi-penyaluran-kur-oleh-ljk-syariah-dalam-kdeks-diy,NEWS,2024-03-06 13:37:09,2024-03-06 13:37:09,be9f9b72-bca8-42bf-a692-6eb26cdb01a8,,null
"0bb497c7-6b86-4790-bcee-912a535baaed",Peningkatan Literasi dan Inklusi Keuangan melalui Program Kerja TPAKD 2024,"<p class=""MsoNormal""><span style=""font-family: Helvetica; color: rgb(0, 0, 0); letter-spacing: 0pt; font-size: 7.5pt;"">Podcast&nbsp;Peningkatan Literasi dan Inklusi Keuangan melalui Program Kerja TPAKD 2024 dilaksanakan di Gedung Pusat Desain Industri Nasional (IPDN) Yogyakarta tanggal 5 Maret 2024. Pada podcast ini disampaikan pentingnya kecakapan akses keuangan digital dalam menunjang kehidupan sehari-hari di era digital ini.&nbsp;&nbsp;</span><span style=""mso-spacerun:'yes';font-family:SimSun;mso-fareast-font-family:宋体;
color:rgb(0,0,0);font-size:10.5000pt;mso-font-kerning:1.0000pt;""><o:p></o:p></span></p><p class=""MsoNormal"" style=""margin-left: 0pt; text-indent: 0pt;""><span style=""font-family: Arial; color: rgb(0, 0, 0); letter-spacing: 0pt; font-size: 7.5pt;"">Melihat nilai</span><span style=""font-family: Arial; color: rgb(0, 0, 0); letter-spacing: 0pt; font-size: 7.5pt;"">&nbsp;Indeks Pembangunan Manusia (IPM)&nbsp;DIY 2023 sebesar 81,09 masih di atas nasional 74,39, namun nilai IPM&nbsp;Kabupaten/Kota&nbsp;di DIY khususnya&nbsp;Kabupaten Gunungkidul&nbsp;dan Kulon Progo masih rendah yakni&nbsp;71,18 dan 75,48.&nbsp;Nilai Indeks Pembangunan Gender (IPG) DIY 2022 sebesar 94,91 di atas nasional 91,63. Sedangkan IPG Kabupaten Gunungkidul masih 85,82 terendah dari Kabupaten/Kota lainnya. Dari sisi nilai literasi dan inklusi keuangan sebesar 1 persen akan membantu meningkatkan IPM sebesar 0,16 persen. Oleh sebab itu, diharapkan TPAKD DIY dapat mengoptimalkan peningkatan nilai literasi dan inklusi keuangan di DIY baik melalui sosialisasi, pembukaan, dan pemanfaatan produk/layanan keuangan.&nbsp;</span></p><p class=""MsoNormal"" style=""margin-left: 0pt; text-indent: 0pt;""><span style=""font-family: Helvetica; color: rgb(0, 0, 0); letter-spacing: 0pt; font-size: 7.5pt;"">TPAKD DIY&nbsp;juga memberikan fasilitasi pengajuan KUR secara online melalui Website KURjogja (kur.jogjaprov.go.id). Sosialisasi KUR dilaksanakan bersama Perangkat Daerah Pemerintah Daerah DIY lainnya dan LJK terkait.&nbsp;</span><span style=""font-family: Helvetica; color: rgb(0, 0, 0); letter-spacing: 0pt; font-size: 10.5pt;""><o:p></o:p></span></p>",https://kur.jogjaprov.go.id/storage/page/ebd6724cedee63aeb133f1f8046c5403_1709704650_300px.jpg,peningkatan-literasi-dan-inklusi-keuangan-melalui-program-kerja-tpakd-2024,NEWS,2024-03-06 13:57:30,2024-03-06 13:57:30,be9f9b72-bca8-42bf-a692-6eb26cdb01a8,,null
b720535f-0174-4a9d-9fcc-260d55898cbd,Sosialisasi dan Pembinaan Unit Pengolah Ikan (UPI) menuju Sertifikat Kelayakan Pengolahan (SKP),"Dalam rangka penguatan UMKM Pengolahan Ikan, Dinas Kelautan dan Perikanan DIY menyelenggarakan kegiatan ''Sosialisasi dan Pembinaan Unit Pengolah Ikan (UPI) menuju Sertifikat Kelayakan Pengolahan (SKP)'' tanggal 6 Februari 2024 di Ruang Rapat Cakalang Dinas Kelautan dan Perikanan DIY.&nbsp;<div>Pada pertemuan ini disampaikan proses SKP oleh Kementerian Kelautan dan Perikanan RI dan Dinas Perindustrian dan Perdagangan DIY, serta penguatan akses permodalan (KUR, UMI, Kredit PEDE, KURjogja) dan pemberdayaan (Sibakul Jogja, Perizinan, Pemasaran, pemanfaatan Produk/Layanan Keuangan lainnya) UMKM oleh Biro Administrasi Perekonomian dan SDA Setda DIY.</div>",https://kur.jogjaprov.go.id/storage/page/11ffc28dd33d3f2e7e70daf2efc0d8a3_1709706669_300px.jpg,sosialisasi-dan-pembinaan-unit-pengolah-ikan-upi-menuju-sertifikat-kelayakan-pengolahan-skp,NEWS,2024-03-06 14:31:09,2024-03-06 14:31:09,be9f9b72-bca8-42bf-a692-6eb26cdb01a8,,null
